id,sumber,kelompok,nama_kelompok,kategori,sepakat_3_algoritma,jarak_ke_pusat
0,latih,15,PCB dan tumpukan campuran,komponen,0,0.9522
1,latih,15,PCB dan tumpukan campuran,komponen,1,0.7062
2,latih,9,Laptop,layar,1,0.4543
3,latih,15,PCB dan tumpukan campuran,komponen,0,0.9211
4,latih,15,PCB dan tumpukan campuran,komponen,0,0.7352
5,latih,15,PCB dan tumpukan campuran,komponen,0,1.0741
6,latih,14,Ponsel,ti,1,0.5892
7,latih,15,PCB dan tumpukan campuran,komponen,1,0.7863
8,latih,10,Keyboard,ti,0,0.7107
9,latih,9,Laptop,layar,1,0.8109
10,latih,15,PCB dan tumpukan campuran,komponen,0,0.594
11,latih,15,PCB dan tumpukan campuran,komponen,0,0.9874
12,latih,15,PCB dan tumpukan campuran,komponen,0,0.7768
13,latih,15,PCB dan tumpukan campuran,komponen,1,0.7319
14,latih,15,PCB dan tumpukan campuran,komponen,0,0.9156
15,latih,15,PCB dan tumpukan campuran,komponen,1,0.7886
16,latih,15,PCB dan tumpukan campuran,komponen,0,0.9144
17,latih,9,Laptop,layar,1,0.8458
18,latih,15,PCB dan tumpukan campuran,komponen,0,0.898
19,latih,15,PCB dan tumpukan campuran,komponen,0,1.0341
20,latih,3,TV/monitor CRT,layar,1,0.546
21,latih,10,Keyboard,ti,0,0.7423
22,latih,9,Laptop,layar,1,0.5259
23,latih,3,TV/monitor CRT,layar,1,0.4839
24,latih,3,TV/monitor CRT,layar,0,0.6636
25,latih,3,TV/monitor CRT,layar,0,0.9005
26,latih,15,PCB dan tumpukan campuran,komponen,0,0.9508
27,latih,15,PCB dan tumpukan campuran,komponen,1,0.8544
28,latih,15,PCB dan tumpukan campuran,komponen,0,0.975
29,latih,4,Baterai ponsel/kamera,baterai,0,0.9197
30,latih,9,Laptop,layar,1,0.6631
31,latih,9,Laptop,layar,1,0.8682
32,latih,15,PCB dan tumpukan campuran,komponen,1,0.7207
33,latih,15,PCB dan tumpukan campuran,komponen,0,0.7421
34,latih,15,PCB dan tumpukan campuran,komponen,0,0.6373
35,latih,3,TV/monitor CRT,layar,0,0.9841
36,latih,9,Laptop,layar,0,0.8564
37,latih,10,Keyboard,ti,1,0.5103
38,latih,15,PCB dan tumpukan campuran,komponen,0,0.9153
39,latih,9,Laptop,layar,1,0.7653
40,latih,15,PCB dan tumpukan campuran,komponen,0,1.0566
41,latih,15,PCB dan tumpukan campuran,komponen,0,0.9534
42,latih,3,TV/monitor CRT,layar,0,0.796
43,latih,15,PCB dan tumpukan campuran,komponen,1,0.8767
44,latih,15,PCB dan tumpukan campuran,komponen,0,0.7435
45,latih,15,PCB dan tumpukan campuran,komponen,1,0.834
46,latih,15,PCB dan tumpukan campuran,komponen,0,0.8621
47,latih,15,PCB dan tumpukan campuran,komponen,0,0.8077
48,latih,2,Turntable,kecil,0,1.0248
49,latih,15,PCB dan tumpukan campuran,komponen,0,0.8934
50,latih,15,PCB dan tumpukan campuran,komponen,1,0.7051
51,latih,15,PCB dan tumpukan campuran,komponen,0,0.9462
52,latih,15,PCB dan tumpukan campuran,komponen,0,0.9666
53,latih,15,PCB dan tumpukan campuran,komponen,0,0.926
54,latih,15,PCB dan tumpukan campuran,komponen,1,0.622
55,latih,10,Keyboard,ti,1,0.5672
56,latih,15,PCB dan tumpukan campuran,komponen,0,0.7371
57,latih,3,TV/monitor CRT,layar,0,0.8443
58,latih,15,PCB dan tumpukan campuran,komponen,1,0.6088
59,latih,15,PCB dan tumpukan campuran,komponen,1,0.6242
60,latih,15,PCB dan tumpukan campuran,komponen,0,0.9406
61,latih,15,PCB dan tumpukan campuran,komponen,0,0.7722
62,latih,15,PCB dan tumpukan campuran,komponen,0,0.8731
63,latih,15,PCB dan tumpukan campuran,komponen,0,0.6585
64,latih,3,TV/monitor CRT,layar,0,0.8471
65,latih,9,Laptop,layar,1,0.6078
66,latih,15,PCB dan tumpukan campuran,komponen,0,1.0101
67,latih,15,PCB dan tumpukan campuran,komponen,0,0.9029
68,latih,15,PCB dan tumpukan campuran,komponen,0,0.8899
69,latih,3,TV/monitor CRT,layar,0,0.8336
70,latih,15,PCB dan tumpukan campuran,komponen,0,1.0082
71,latih,15,PCB dan tumpukan campuran,komponen,1,0.7296
72,latih,15,PCB dan tumpukan campuran,komponen,0,0.8679
73,latih,15,PCB dan tumpukan campuran,komponen,0,0.9746
74,latih,15,PCB dan tumpukan campuran,komponen,0,0.551
75,latih,3,TV/monitor CRT,layar,1,0.4213
76,latih,15,PCB dan tumpukan campuran,komponen,1,0.5662
77,latih,9,Laptop,layar,1,0.8182
78,latih,14,Ponsel,ti,1,0.7127
79,latih,15,PCB dan tumpukan campuran,komponen,0,0.8807
80,latih,15,PCB dan tumpukan campuran,komponen,1,0.5129
81,latih,15,PCB dan tumpukan campuran,komponen,0,1.0298
82,latih,3,TV/monitor CRT,layar,1,0.4438
83,latih,10,Keyboard,ti,1,0.5745
84,latih,15,PCB dan tumpukan campuran,komponen,1,0.7337
85,latih,7,TV/monitor layar datar,layar,0,0.7497
86,latih,15,PCB dan tumpukan campuran,komponen,0,0.8933
87,latih,15,PCB dan tumpukan campuran,komponen,0,0.9343
88,latih,9,Laptop,layar,1,0.8171
89,latih,9,Laptop,layar,1,0.6424
90,latih,15,PCB dan tumpukan campuran,komponen,0,0.9764
91,latih,15,PCB dan tumpukan campuran,komponen,1,0.7473
92,latih,3,TV/monitor CRT,layar,0,0.9245
93,latih,9,Laptop,layar,1,0.6849
94,latih,15,PCB dan tumpukan campuran,komponen,0,0.7449
95,latih,15,PCB dan tumpukan campuran,komponen,0,0.7638
96,latih,10,Keyboard,ti,1,0.4721
97,latih,9,Laptop,layar,1,0.8146
98,latih,15,PCB dan tumpukan campuran,komponen,0,0.8073
99,latih,14,Ponsel,ti,1,0.2943
100,latih,15,PCB dan tumpukan campuran,komponen,0,0.8836
101,latih,9,Laptop,layar,1,0.6434
102,latih,15,PCB dan tumpukan campuran,komponen,0,0.7145
103,latih,15,PCB dan tumpukan campuran,komponen,1,0.5592
104,latih,15,PCB dan tumpukan campuran,komponen,0,0.4945
105,latih,15,PCB dan tumpukan campuran,komponen,1,0.7195
106,latih,15,PCB dan tumpukan campuran,komponen,0,0.8858
107,latih,9,Laptop,layar,1,0.6876
108,latih,15,PCB dan tumpukan campuran,komponen,0,0.9208
109,latih,8,Mesin cuci front-load,besar,1,0.4685
110,latih,15,PCB dan tumpukan campuran,komponen,1,0.7057
111,latih,15,PCB dan tumpukan campuran,komponen,1,0.8206
112,latih,14,Ponsel,ti,1,0.6393
113,latih,15,PCB dan tumpukan campuran,komponen,0,0.8807
114,latih,3,TV/monitor CRT,layar,0,0.7685
115,latih,15,PCB dan tumpukan campuran,komponen,0,0.9209
116,latih,15,PCB dan tumpukan campuran,komponen,0,0.8895
117,latih,10,Keyboard,ti,1,0.598
118,latih,14,Ponsel,ti,1,0.6778
119,latih,9,Laptop,layar,1,0.5721
120,latih,15,PCB dan tumpukan campuran,komponen,0,0.9345
121,latih,15,PCB dan tumpukan campuran,komponen,0,0.9146
122,latih,9,Laptop,layar,1,0.6957
123,latih,9,Laptop,layar,1,0.6654
124,latih,9,Laptop,layar,1,0.7185
125,latih,9,Laptop,layar,1,0.44
126,latih,9,Laptop,layar,1,0.49
127,latih,9,Laptop,layar,1,0.5169
128,latih,9,Laptop,layar,1,0.6883
129,latih,9,Laptop,layar,1,0.6966
130,latih,9,Laptop,layar,1,0.8003
131,latih,15,PCB dan tumpukan campuran,komponen,0,0.8873
132,latih,3,TV/monitor CRT,layar,0,0.8141
133,latih,15,PCB dan tumpukan campuran,komponen,0,0.9463
134,latih,15,PCB dan tumpukan campuran,komponen,0,1.0353
135,latih,15,PCB dan tumpukan campuran,komponen,0,0.7844
136,latih,15,PCB dan tumpukan campuran,komponen,0,0.9786
137,latih,15,PCB dan tumpukan campuran,komponen,0,0.9486
138,latih,15,PCB dan tumpukan campuran,komponen,1,0.7478
139,latih,15,PCB dan tumpukan campuran,komponen,0,0.8665
140,latih,3,TV/monitor CRT,layar,0,0.8262
141,latih,15,PCB dan tumpukan campuran,komponen,0,0.8491
142,latih,15,PCB dan tumpukan campuran,komponen,1,0.7082
143,latih,15,PCB dan tumpukan campuran,komponen,0,0.8361
144,latih,15,PCB dan tumpukan campuran,komponen,0,0.7179
145,latih,5,Pemutar CD/radio,kecil,0,0.8454
146,latih,10,Keyboard,ti,1,0.4487
147,latih,15,PCB dan tumpukan campuran,komponen,0,0.6615
148,latih,15,PCB dan tumpukan campuran,komponen,1,0.5215
149,latih,3,TV/monitor CRT,layar,1,0.5092
150,latih,9,Laptop,layar,1,0.4637
151,latih,15,PCB dan tumpukan campuran,komponen,0,0.5941
152,latih,8,Mesin cuci front-load,besar,1,0.5238
153,latih,15,PCB dan tumpukan campuran,komponen,0,0.9034
154,latih,9,Laptop,layar,1,0.8253
155,latih,9,Laptop,layar,1,0.7805
156,latih,9,Laptop,layar,1,0.7271
157,latih,9,Laptop,layar,1,0.7249
158,latih,9,Laptop,layar,1,0.4836
159,latih,9,Laptop,layar,1,0.6467
160,latih,9,Laptop,layar,1,0.4594
161,latih,9,Laptop,layar,1,0.3954
162,latih,9,Laptop,layar,1,0.471
163,latih,9,Laptop,layar,1,0.3996
164,latih,15,PCB dan tumpukan campuran,komponen,0,0.9478
165,latih,15,PCB dan tumpukan campuran,komponen,1,0.6704
166,latih,15,PCB dan tumpukan campuran,komponen,0,0.8309
167,latih,15,PCB dan tumpukan campuran,komponen,0,1.0083
168,latih,9,Laptop,layar,1,0.7921
169,latih,15,PCB dan tumpukan campuran,komponen,0,0.9511
170,latih,9,Laptop,layar,1,0.5847
171,latih,7,TV/monitor layar datar,layar,0,0.7224
172,latih,15,PCB dan tumpukan campuran,komponen,0,0.835
173,latih,15,PCB dan tumpukan campuran,komponen,1,0.6061
174,latih,15,PCB dan tumpukan campuran,komponen,0,0.56
175,latih,15,PCB dan tumpukan campuran,komponen,0,0.9283
176,latih,10,Keyboard,ti,1,0.5075
177,latih,15,PCB dan tumpukan campuran,komponen,0,0.7882
178,latih,15,PCB dan tumpukan campuran,komponen,0,0.9816
179,latih,15,PCB dan tumpukan campuran,komponen,1,0.6723
180,latih,9,Laptop,layar,1,0.7551
181,latih,15,PCB dan tumpukan campuran,komponen,1,0.603
182,latih,15,PCB dan tumpukan campuran,komponen,0,0.8524
183,latih,15,PCB dan tumpukan campuran,komponen,0,0.9122
184,latih,15,PCB dan tumpukan campuran,komponen,1,0.8268
185,latih,15,PCB dan tumpukan campuran,komponen,0,0.9627
186,latih,3,TV/monitor CRT,layar,1,0.4798
187,latih,9,Laptop,layar,1,0.7511
188,latih,15,PCB dan tumpukan campuran,komponen,0,0.8855
189,latih,9,Laptop,layar,1,0.4962
190,latih,9,Laptop,layar,1,0.6119
191,latih,9,Laptop,layar,1,0.5876
192,latih,9,Laptop,layar,1,0.5575
193,latih,9,Laptop,layar,1,0.8226
194,latih,9,Laptop,layar,1,0.5297
195,latih,9,Laptop,layar,1,0.6895
196,latih,9,Laptop,layar,1,0.589
197,latih,9,Laptop,layar,1,0.5275
198,latih,9,Laptop,layar,1,0.7612
199,latih,15,PCB dan tumpukan campuran,komponen,0,0.6491
200,latih,15,PCB dan tumpukan campuran,komponen,0,0.8055
201,latih,15,PCB dan tumpukan campuran,komponen,0,0.9902
202,latih,15,PCB dan tumpukan campuran,komponen,1,0.7229
203,latih,15,PCB dan tumpukan campuran,komponen,0,0.9037
204,latih,15,PCB dan tumpukan campuran,komponen,1,0.8313
205,latih,3,TV/monitor CRT,layar,0,0.8951
206,latih,15,PCB dan tumpukan campuran,komponen,1,0.5375
207,latih,15,PCB dan tumpukan campuran,komponen,1,0.5422
208,latih,15,PCB dan tumpukan campuran,komponen,0,0.8457
209,latih,7,TV/monitor layar datar,layar,0,0.7015
210,latih,5,Pemutar CD/radio,kecil,1,0.8525
211,latih,15,PCB dan tumpukan campuran,komponen,0,0.5471
212,latih,10,Keyboard,ti,1,0.5614
213,latih,15,PCB dan tumpukan campuran,komponen,0,0.9415
214,latih,3,TV/monitor CRT,layar,1,0.5809
215,latih,15,PCB dan tumpukan campuran,komponen,0,0.9684
216,latih,3,TV/monitor CRT,layar,1,0.4294
217,latih,15,PCB dan tumpukan campuran,komponen,1,0.6691
218,latih,9,Laptop,layar,1,0.7029
219,latih,15,PCB dan tumpukan campuran,komponen,0,0.8176
220,latih,10,Keyboard,ti,1,0.47
221,latih,9,Laptop,layar,0,0.8858
222,latih,9,Laptop,layar,0,0.9536
223,latih,3,TV/monitor CRT,layar,1,0.4064
224,latih,9,Laptop,layar,1,0.7263
225,latih,9,Laptop,layar,1,0.4314
226,latih,9,Laptop,layar,1,0.4061
227,latih,9,Laptop,layar,1,0.4028
228,latih,9,Laptop,layar,1,0.5839
229,latih,9,Laptop,layar,1,0.446
230,latih,9,Laptop,layar,1,0.4695
231,latih,9,Laptop,layar,1,0.427
232,latih,9,Laptop,layar,1,0.4522
233,latih,9,Laptop,layar,1,0.5533
234,latih,15,PCB dan tumpukan campuran,komponen,1,0.843
235,latih,15,PCB dan tumpukan campuran,komponen,0,0.8266
236,latih,15,PCB dan tumpukan campuran,komponen,1,0.6532
237,latih,15,PCB dan tumpukan campuran,komponen,1,0.7896
238,latih,10,Keyboard,ti,1,0.5073
239,latih,15,PCB dan tumpukan campuran,komponen,0,0.873
240,latih,9,Laptop,layar,1,0.6133
241,latih,9,Laptop,layar,1,0.7931
242,latih,15,PCB dan tumpukan campuran,komponen,1,0.5585
243,latih,9,Laptop,layar,0,0.8714
244,latih,15,PCB dan tumpukan campuran,komponen,0,0.8818
245,latih,15,PCB dan tumpukan campuran,komponen,0,0.8404
246,latih,9,Laptop,layar,1,0.5239
247,latih,9,Laptop,layar,1,0.6681
248,latih,9,Laptop,layar,1,0.418
249,latih,9,Laptop,layar,1,0.4595
250,latih,9,Laptop,layar,1,0.4406
251,latih,9,Laptop,layar,1,0.4657
252,latih,9,Laptop,layar,1,0.4812
253,latih,9,Laptop,layar,1,0.7161
254,latih,9,Laptop,layar,1,0.5692
255,latih,9,Laptop,layar,1,0.4432
256,latih,9,Laptop,layar,1,0.5531
257,latih,15,PCB dan tumpukan campuran,komponen,0,0.9167
258,latih,15,PCB dan tumpukan campuran,komponen,1,0.7507
259,latih,3,TV/monitor CRT,layar,1,0.6808
260,latih,3,TV/monitor CRT,layar,0,0.7883
261,latih,3,TV/monitor CRT,layar,0,0.8733
262,latih,15,PCB dan tumpukan campuran,komponen,1,0.6028
263,latih,15,PCB dan tumpukan campuran,komponen,0,0.9192
264,latih,15,PCB dan tumpukan campuran,komponen,0,0.9386
265,latih,3,TV/monitor CRT,layar,0,0.7662
266,latih,15,PCB dan tumpukan campuran,komponen,0,0.8674
267,latih,3,TV/monitor CRT,layar,1,0.4966
268,latih,7,TV/monitor layar datar,layar,0,0.6874
269,latih,15,PCB dan tumpukan campuran,komponen,1,0.5575
270,latih,15,PCB dan tumpukan campuran,komponen,0,0.9229
271,latih,15,PCB dan tumpukan campuran,komponen,1,0.5117
272,latih,10,Keyboard,ti,1,0.447
273,latih,7,TV/monitor layar datar,layar,0,0.8022
274,latih,15,PCB dan tumpukan campuran,komponen,0,0.9297
275,latih,3,TV/monitor CRT,layar,0,0.7578
276,latih,0,Aki (baterai timbal-asam),baterai,1,0.9793
277,latih,14,Ponsel,ti,1,0.6813
278,latih,3,TV/monitor CRT,layar,0,0.5322
279,latih,15,PCB dan tumpukan campuran,komponen,0,0.7214
280,latih,15,PCB dan tumpukan campuran,komponen,0,0.6873
281,latih,15,PCB dan tumpukan campuran,komponen,1,0.4856
282,latih,15,PCB dan tumpukan campuran,komponen,1,0.7512
283,latih,15,PCB dan tumpukan campuran,komponen,0,0.9815
284,latih,10,Keyboard,ti,1,0.4877
285,latih,15,PCB dan tumpukan campuran,komponen,1,0.6596
286,latih,15,PCB dan tumpukan campuran,komponen,0,0.8428
287,latih,3,TV/monitor CRT,layar,0,0.8034
288,latih,9,Laptop,layar,1,0.493
289,latih,9,Laptop,layar,1,0.4323
290,latih,9,Laptop,layar,1,0.5588
291,latih,9,Laptop,layar,1,0.5467
292,latih,9,Laptop,layar,1,0.5982
293,latih,9,Laptop,layar,1,0.6099
294,latih,9,Laptop,layar,1,0.633
295,latih,9,Laptop,layar,1,0.4809
296,latih,9,Laptop,layar,1,0.5057
297,latih,7,TV/monitor layar datar,layar,0,0.9239
298,latih,15,PCB dan tumpukan campuran,komponen,1,0.483
299,latih,10,Keyboard,ti,0,0.7701
300,latih,15,PCB dan tumpukan campuran,komponen,1,0.6907
301,latih,9,Laptop,layar,1,0.8902
302,latih,9,Laptop,layar,1,0.4719
303,latih,9,Laptop,layar,1,0.7487
304,latih,9,Laptop,layar,1,0.3873
305,latih,9,Laptop,layar,1,0.5121
306,latih,9,Laptop,layar,1,0.7037
307,latih,9,Laptop,layar,1,0.6768
308,latih,9,Laptop,layar,1,0.7107
309,latih,9,Laptop,layar,1,0.4017
310,latih,10,Keyboard,ti,0,0.6732
311,latih,3,TV/monitor CRT,layar,1,0.7835
312,latih,15,PCB dan tumpukan campuran,komponen,1,0.7942
313,latih,14,Ponsel,ti,1,0.6382
314,latih,15,PCB dan tumpukan campuran,komponen,0,0.8777
315,latih,5,Pemutar CD/radio,kecil,0,0.989
316,latih,15,PCB dan tumpukan campuran,komponen,0,0.91
317,latih,10,Keyboard,ti,1,0.5722
318,latih,9,Laptop,layar,1,0.8307
319,latih,3,TV/monitor CRT,layar,0,0.8747
320,latih,9,Laptop,layar,1,0.5255
321,latih,9,Laptop,layar,1,0.4898
322,latih,9,Laptop,layar,1,0.6884
323,latih,9,Laptop,layar,1,0.4691
324,latih,9,Laptop,layar,1,0.4548
325,latih,9,Laptop,layar,1,0.6234
326,latih,9,Laptop,layar,1,0.478
327,latih,9,Laptop,layar,1,0.4086
328,latih,9,Laptop,layar,1,0.5055
329,latih,3,TV/monitor CRT,layar,0,0.8512
330,latih,3,TV/monitor CRT,layar,1,0.5765
331,latih,15,PCB dan tumpukan campuran,komponen,1,0.6834
332,latih,15,PCB dan tumpukan campuran,komponen,0,0.9062
333,latih,8,Mesin cuci front-load,besar,0,0.777
334,latih,3,TV/monitor CRT,layar,0,0.8325
335,latih,15,PCB dan tumpukan campuran,komponen,0,0.9025
336,latih,10,Keyboard,ti,1,0.5127
337,latih,9,Laptop,layar,1,0.7054
338,latih,9,Laptop,layar,1,0.5764
339,latih,15,PCB dan tumpukan campuran,komponen,0,0.9254
340,latih,3,TV/monitor CRT,layar,0,0.7797
341,latih,9,Laptop,layar,0,0.8591
342,latih,15,PCB dan tumpukan campuran,komponen,1,0.6803
343,latih,9,Laptop,layar,1,0.6483
344,latih,9,Laptop,layar,1,0.3982
345,latih,9,Laptop,layar,1,0.621
346,latih,9,Laptop,layar,1,0.4236
347,latih,9,Laptop,layar,1,0.6703
348,latih,9,Laptop,layar,1,0.4713
349,latih,9,Laptop,layar,1,0.5455
350,latih,9,Laptop,layar,1,0.5903
351,latih,9,Laptop,layar,1,0.5716
352,latih,9,Laptop,layar,1,0.7224
353,latih,3,TV/monitor CRT,layar,0,0.6396
354,latih,15,PCB dan tumpukan campuran,komponen,1,0.7925
355,latih,3,TV/monitor CRT,layar,0,0.792
356,latih,9,Laptop,layar,1,0.781
357,latih,3,TV/monitor CRT,layar,0,0.8949
358,latih,15,PCB dan tumpukan campuran,komponen,0,0.9385
359,latih,10,Keyboard,ti,1,0.4991
360,latih,7,TV/monitor layar datar,layar,0,0.7909
361,latih,3,TV/monitor CRT,layar,0,0.5555
362,latih,9,Laptop,layar,1,0.6316
363,latih,9,Laptop,layar,1,0.6991
364,latih,9,Laptop,layar,1,0.3794
365,latih,9,Laptop,layar,1,0.4093
366,latih,9,Laptop,layar,1,0.6492
367,latih,9,Laptop,layar,1,0.6309
368,latih,9,Laptop,layar,1,0.7093
369,latih,9,Laptop,layar,1,0.4196
370,latih,9,Laptop,layar,1,0.5165
371,latih,9,Laptop,layar,1,0.525
372,latih,3,TV/monitor CRT,layar,1,0.4165
373,latih,1,Baterai pack laptop,baterai,0,0.4822
374,latih,3,TV/monitor CRT,layar,0,0.7955
375,latih,9,Laptop,layar,1,0.8809
376,latih,0,Aki (baterai timbal-asam),baterai,1,0.9076
377,latih,10,Keyboard,ti,1,0.5508
378,latih,9,Laptop,layar,1,0.6173
379,latih,9,Laptop,layar,1,0.6
380,latih,9,Laptop,layar,1,0.4114
381,latih,9,Laptop,layar,1,0.7551
382,latih,9,Laptop,layar,1,0.705
383,latih,9,Laptop,layar,1,0.5304
384,latih,9,Laptop,layar,1,0.545
385,latih,9,Laptop,layar,1,0.3986
386,latih,9,Laptop,layar,1,0.4931
387,latih,10,Keyboard,ti,1,0.5517
388,latih,10,Keyboard,ti,1,0.5151
389,latih,10,Keyboard,ti,1,0.4901
390,latih,7,TV/monitor layar datar,layar,0,0.8915
391,latih,15,PCB dan tumpukan campuran,komponen,1,0.7798
392,latih,15,PCB dan tumpukan campuran,komponen,1,0.5533
393,latih,14,Ponsel,ti,1,0.6779
394,latih,10,Keyboard,ti,1,0.5792
395,latih,15,PCB dan tumpukan campuran,komponen,0,0.9005
396,latih,7,TV/monitor layar datar,layar,0,0.6636
397,latih,0,Aki (baterai timbal-asam),baterai,1,0.9956
398,latih,15,PCB dan tumpukan campuran,komponen,1,0.6858
399,latih,9,Laptop,layar,1,0.6648
400,latih,2,Turntable,kecil,0,0.4073
401,latih,10,Keyboard,ti,1,0.5338
402,latih,13,Mouse,ti,1,0.605
403,latih,9,Laptop,layar,1,0.5016
404,latih,9,Laptop,layar,1,0.7663
405,latih,9,Laptop,layar,1,0.6475
406,latih,10,Keyboard,ti,0,0.6993
407,latih,9,Laptop,layar,1,0.4707
408,latih,9,Laptop,layar,1,0.581
409,latih,10,Keyboard,ti,1,0.5135
410,latih,10,Keyboard,ti,1,0.5901
411,latih,10,Keyboard,ti,1,0.5252
412,latih,10,Keyboard,ti,1,0.51
413,latih,10,Keyboard,ti,0,0.8872
414,latih,9,Laptop,layar,1,0.5953
415,latih,10,Keyboard,ti,0,0.9054
416,latih,10,Keyboard,ti,1,0.6062
417,latih,10,Keyboard,ti,0,0.9199
418,latih,10,Keyboard,ti,0,0.8946
419,latih,10,Keyboard,ti,0,0.9341
420,latih,10,Keyboard,ti,1,0.4968
421,latih,10,Keyboard,ti,0,0.8085
422,latih,7,TV/monitor layar datar,layar,0,0.798
423,latih,7,TV/monitor layar datar,layar,0,0.8201
424,latih,7,TV/monitor layar datar,layar,0,0.8378
425,latih,7,TV/monitor layar datar,layar,0,0.8774
426,latih,10,Keyboard,ti,0,0.8422
427,latih,7,TV/monitor layar datar,layar,0,0.8831
428,latih,10,Keyboard,ti,0,0.8773
429,latih,10,Keyboard,ti,0,0.6941
430,latih,10,Keyboard,ti,0,0.8788
431,latih,10,Keyboard,ti,0,0.7993
432,latih,10,Keyboard,ti,1,0.486
433,latih,10,Keyboard,ti,1,0.5385
434,latih,10,Keyboard,ti,0,0.9339
435,latih,10,Keyboard,ti,0,0.6528
436,latih,7,TV/monitor layar datar,layar,0,0.8564
437,latih,10,Keyboard,ti,0,0.8549
438,latih,10,Keyboard,ti,1,0.5499
439,latih,10,Keyboard,ti,0,0.8724
440,latih,10,Keyboard,ti,0,0.8816
441,latih,7,TV/monitor layar datar,layar,0,0.8626
442,latih,10,Keyboard,ti,0,0.8638
443,latih,15,PCB dan tumpukan campuran,komponen,0,0.8552
444,latih,10,Keyboard,ti,1,0.5022
445,latih,10,Keyboard,ti,1,0.5688
446,latih,10,Keyboard,ti,0,0.8722
447,latih,10,Keyboard,ti,0,0.9271
448,latih,10,Keyboard,ti,0,0.8838
449,latih,10,Keyboard,ti,0,0.948
450,latih,10,Keyboard,ti,0,0.8479
451,latih,10,Keyboard,ti,1,0.514
452,latih,15,PCB dan tumpukan campuran,komponen,0,1.1482
453,latih,15,PCB dan tumpukan campuran,komponen,0,0.8336
454,latih,15,PCB dan tumpukan campuran,komponen,0,0.8778
455,latih,15,PCB dan tumpukan campuran,komponen,0,1.0082
456,latih,10,Keyboard,ti,1,0.4357
457,latih,9,Laptop,layar,1,0.7035
458,latih,3,TV/monitor CRT,layar,1,0.8106
459,latih,3,TV/monitor CRT,layar,1,0.6577
460,latih,7,TV/monitor layar datar,layar,0,0.8595
461,latih,8,Mesin cuci front-load,besar,1,0.6688
462,latih,15,PCB dan tumpukan campuran,komponen,0,0.8961
463,latih,14,Ponsel,ti,1,0.6111
464,latih,15,PCB dan tumpukan campuran,komponen,0,0.9753
465,latih,15,PCB dan tumpukan campuran,komponen,0,0.9328
466,latih,9,Laptop,layar,1,0.7592
467,latih,14,Ponsel,ti,1,0.5643
468,latih,15,PCB dan tumpukan campuran,komponen,0,0.8428
469,latih,15,PCB dan tumpukan campuran,komponen,0,1.0124
470,latih,9,Laptop,layar,1,0.7399
471,latih,3,TV/monitor CRT,layar,0,0.7409
472,latih,6,Mesin cuci bukaan atas,besar,1,0.324
473,latih,15,PCB dan tumpukan campuran,komponen,0,0.942
474,latih,3,TV/monitor CRT,layar,0,0.7787
475,latih,9,Laptop,layar,0,0.9178
476,latih,10,Keyboard,ti,1,0.4532
477,latih,15,PCB dan tumpukan campuran,komponen,0,0.8179
478,latih,15,PCB dan tumpukan campuran,komponen,0,0.8485
479,latih,15,PCB dan tumpukan campuran,komponen,1,0.7386
480,latih,15,PCB dan tumpukan campuran,komponen,1,0.6292
481,latih,15,PCB dan tumpukan campuran,komponen,0,0.6853
482,latih,7,TV/monitor layar datar,layar,0,0.8378
483,latih,15,PCB dan tumpukan campuran,komponen,1,0.618
484,latih,15,PCB dan tumpukan campuran,komponen,0,0.9456
485,latih,9,Laptop,layar,0,0.8262
486,latih,9,Laptop,layar,0,0.8427
487,latih,7,TV/monitor layar datar,layar,0,0.7345
488,latih,3,TV/monitor CRT,layar,1,0.6169
489,latih,3,TV/monitor CRT,layar,1,0.5041
490,latih,9,Laptop,layar,1,0.9021
491,latih,3,TV/monitor CRT,layar,0,0.8756
492,latih,15,PCB dan tumpukan campuran,komponen,0,0.5105
493,latih,4,Baterai ponsel/kamera,baterai,0,0.8446
494,latih,15,PCB dan tumpukan campuran,komponen,1,0.7261
495,latih,14,Ponsel,ti,1,0.3858
496,latih,14,Ponsel,ti,1,0.3891
497,latih,14,Ponsel,ti,1,0.4107
498,latih,14,Ponsel,ti,1,0.3347
499,latih,14,Ponsel,ti,1,0.36
500,latih,14,Ponsel,ti,1,0.3304
501,latih,14,Ponsel,ti,1,0.3204
502,latih,14,Ponsel,ti,1,0.8945
503,latih,14,Ponsel,ti,1,0.3404
504,latih,14,Ponsel,ti,1,0.3266
505,latih,14,Ponsel,ti,1,0.2565
506,latih,14,Ponsel,ti,1,0.6554
507,latih,14,Ponsel,ti,1,0.372
508,latih,15,PCB dan tumpukan campuran,komponen,0,0.7628
509,latih,14,Ponsel,ti,1,0.3055
510,latih,14,Ponsel,ti,1,0.2363
511,latih,14,Ponsel,ti,1,0.3023
512,latih,14,Ponsel,ti,1,0.3276
513,latih,9,Laptop,layar,1,0.7894
514,latih,15,PCB dan tumpukan campuran,komponen,0,0.85
515,latih,14,Ponsel,ti,1,0.3272
516,latih,14,Ponsel,ti,1,0.3168
517,latih,14,Ponsel,ti,1,0.3048
518,latih,14,Ponsel,ti,1,0.6053
519,latih,14,Ponsel,ti,1,0.3415
520,latih,14,Ponsel,ti,1,0.3677
521,latih,14,Ponsel,ti,1,0.3466
522,latih,14,Ponsel,ti,1,0.4792
523,latih,14,Ponsel,ti,1,0.4108
524,latih,9,Laptop,layar,1,0.7097
525,latih,14,Ponsel,ti,1,0.7484
526,latih,14,Ponsel,ti,1,0.784
527,latih,14,Ponsel,ti,1,0.3855
528,latih,14,Ponsel,ti,1,0.416
529,latih,14,Ponsel,ti,1,0.4307
530,latih,14,Ponsel,ti,1,0.8565
531,latih,14,Ponsel,ti,1,0.2888
532,latih,14,Ponsel,ti,1,0.6479
533,latih,14,Ponsel,ti,1,0.3369
534,latih,14,Ponsel,ti,1,0.7122
535,latih,14,Ponsel,ti,1,0.4941
536,latih,14,Ponsel,ti,1,0.4072
537,latih,14,Ponsel,ti,1,0.543
538,latih,14,Ponsel,ti,1,0.8857
539,latih,14,Ponsel,ti,1,1.0006
540,latih,14,Ponsel,ti,1,0.3748
541,latih,14,Ponsel,ti,1,0.4034
542,latih,14,Ponsel,ti,1,0.4748
543,latih,14,Ponsel,ti,1,0.7299
544,latih,14,Ponsel,ti,1,0.6861
545,latih,15,PCB dan tumpukan campuran,komponen,0,1.0384
546,latih,3,TV/monitor CRT,layar,0,0.883
547,latih,7,TV/monitor layar datar,layar,0,0.7913
548,latih,15,PCB dan tumpukan campuran,komponen,1,0.7538
549,latih,15,PCB dan tumpukan campuran,komponen,0,0.871
550,latih,15,PCB dan tumpukan campuran,komponen,1,0.7932
551,latih,9,Laptop,layar,1,0.8467
552,latih,15,PCB dan tumpukan campuran,komponen,0,0.9975
553,latih,15,PCB dan tumpukan campuran,komponen,1,0.592
554,latih,9,Laptop,layar,1,0.8006
555,latih,15,PCB dan tumpukan campuran,komponen,0,0.9109
556,latih,15,PCB dan tumpukan campuran,komponen,0,0.8281
557,latih,10,Keyboard,ti,1,0.4164
558,latih,15,PCB dan tumpukan campuran,komponen,1,0.5737
559,latih,15,PCB dan tumpukan campuran,komponen,1,0.7701
560,latih,7,TV/monitor layar datar,layar,0,0.6801
561,latih,15,PCB dan tumpukan campuran,komponen,1,0.7554
562,latih,3,TV/monitor CRT,layar,0,0.7545
563,latih,7,TV/monitor layar datar,layar,1,0.6686
564,latih,14,Ponsel,ti,1,0.507
565,latih,9,Laptop,layar,1,0.7885
566,latih,14,Ponsel,ti,1,0.7675
567,latih,14,Ponsel,ti,1,0.4496
568,latih,14,Ponsel,ti,1,0.3845
569,latih,14,Ponsel,ti,1,0.3074
570,latih,14,Ponsel,ti,1,0.2537
571,latih,14,Ponsel,ti,1,0.3177
572,latih,14,Ponsel,ti,1,0.4267
573,latih,14,Ponsel,ti,1,0.4934
574,latih,14,Ponsel,ti,1,0.2743
575,latih,15,PCB dan tumpukan campuran,komponen,0,0.9176
576,latih,14,Ponsel,ti,1,0.3477
577,latih,14,Ponsel,ti,1,0.3586
578,latih,14,Ponsel,ti,1,0.6858
579,latih,14,Ponsel,ti,1,0.4532
580,latih,14,Ponsel,ti,1,0.7658
581,latih,14,Ponsel,ti,1,0.4041
582,latih,14,Ponsel,ti,1,0.3339
583,latih,14,Ponsel,ti,1,0.4469
584,latih,14,Ponsel,ti,1,0.3348
585,latih,14,Ponsel,ti,1,0.29
586,latih,7,TV/monitor layar datar,layar,0,0.7722
587,latih,14,Ponsel,ti,1,0.4158
588,latih,15,PCB dan tumpukan campuran,komponen,0,0.8812
589,latih,14,Ponsel,ti,1,0.327
590,latih,14,Ponsel,ti,1,0.7237
591,latih,14,Ponsel,ti,1,0.2962
592,latih,14,Ponsel,ti,1,0.3334
593,latih,14,Ponsel,ti,1,0.316
594,latih,14,Ponsel,ti,1,0.2794
595,latih,14,Ponsel,ti,1,0.8183
596,latih,14,Ponsel,ti,1,0.3502
597,latih,14,Ponsel,ti,1,0.7567
598,latih,14,Ponsel,ti,1,0.2794
599,latih,14,Ponsel,ti,1,0.3535
600,latih,14,Ponsel,ti,1,0.2659
601,latih,14,Ponsel,ti,1,0.31
602,latih,14,Ponsel,ti,1,0.2849
603,latih,14,Ponsel,ti,1,0.4142
604,latih,14,Ponsel,ti,1,0.7603
605,latih,14,Ponsel,ti,1,0.4296
606,latih,14,Ponsel,ti,1,0.3019
607,latih,14,Ponsel,ti,1,0.953
608,latih,14,Ponsel,ti,1,0.2788
609,latih,14,Ponsel,ti,1,0.2794
610,latih,14,Ponsel,ti,1,0.2377
611,latih,14,Ponsel,ti,1,0.2721
612,latih,14,Ponsel,ti,1,0.3379
613,latih,14,Ponsel,ti,1,0.341
614,latih,14,Ponsel,ti,1,0.419
615,latih,14,Ponsel,ti,1,0.4467
616,latih,14,Ponsel,ti,1,0.7192
617,latih,14,Ponsel,ti,1,0.794
618,latih,14,Ponsel,ti,1,0.76
619,latih,14,Ponsel,ti,1,0.7252
620,latih,14,Ponsel,ti,1,0.4883
621,latih,14,Ponsel,ti,1,0.3862
622,latih,14,Ponsel,ti,1,0.4455
623,latih,14,Ponsel,ti,1,0.44
624,latih,14,Ponsel,ti,1,0.782
625,latih,14,Ponsel,ti,1,0.8552
626,latih,14,Ponsel,ti,1,0.8192
627,latih,14,Ponsel,ti,1,0.8126
628,latih,14,Ponsel,ti,1,0.4432
629,latih,14,Ponsel,ti,1,0.4091
630,latih,14,Ponsel,ti,1,0.3908
631,latih,14,Ponsel,ti,1,0.3485
632,latih,14,Ponsel,ti,1,0.7781
633,latih,14,Ponsel,ti,1,0.6233
634,latih,14,Ponsel,ti,1,0.5438
635,latih,14,Ponsel,ti,1,0.6136
636,latih,14,Ponsel,ti,1,0.4126
637,latih,14,Ponsel,ti,1,0.5331
638,latih,14,Ponsel,ti,1,0.3197
639,latih,14,Ponsel,ti,1,0.2955
640,latih,9,Laptop,layar,1,0.7324
641,latih,14,Ponsel,ti,1,0.4578
642,latih,14,Ponsel,ti,1,0.4544
643,latih,14,Ponsel,ti,1,0.4506
644,latih,15,PCB dan tumpukan campuran,komponen,0,0.9608
645,latih,14,Ponsel,ti,1,0.4145
646,latih,14,Ponsel,ti,1,0.3689
647,latih,14,Ponsel,ti,1,0.7213
648,latih,14,Ponsel,ti,1,0.2831
649,latih,14,Ponsel,ti,1,0.9015
650,latih,14,Ponsel,ti,1,0.2909
651,latih,14,Ponsel,ti,1,0.45
652,latih,14,Ponsel,ti,1,0.4322
653,latih,14,Ponsel,ti,1,0.3883
654,latih,14,Ponsel,ti,1,0.351
655,latih,9,Laptop,layar,1,0.6932
656,latih,3,TV/monitor CRT,layar,1,0.6029
657,latih,15,PCB dan tumpukan campuran,komponen,0,0.9638
658,latih,15,PCB dan tumpukan campuran,komponen,0,0.9017
659,latih,15,PCB dan tumpukan campuran,komponen,0,0.655
660,latih,14,Ponsel,ti,1,0.382
661,latih,14,Ponsel,ti,1,0.6314
662,latih,14,Ponsel,ti,1,0.4189
663,latih,14,Ponsel,ti,1,0.3843
664,latih,14,Ponsel,ti,1,0.4909
665,latih,14,Ponsel,ti,1,0.4181
666,latih,14,Ponsel,ti,1,0.461
667,latih,7,TV/monitor layar datar,layar,0,0.7844
668,latih,14,Ponsel,ti,1,0.3787
669,latih,14,Ponsel,ti,1,0.315
670,latih,14,Ponsel,ti,1,0.3259
671,latih,14,Ponsel,ti,1,0.6197
672,latih,10,Keyboard,ti,0,0.888
673,latih,15,PCB dan tumpukan campuran,komponen,0,0.9706
674,latih,15,PCB dan tumpukan campuran,komponen,0,0.8046
675,latih,15,PCB dan tumpukan campuran,komponen,1,0.7906
676,latih,6,Mesin cuci bukaan atas,besar,1,0.4411
677,latih,15,PCB dan tumpukan campuran,komponen,0,1.0058
678,latih,7,TV/monitor layar datar,layar,0,0.7522
679,latih,15,PCB dan tumpukan campuran,komponen,0,0.8714
680,latih,15,PCB dan tumpukan campuran,komponen,0,0.7988
681,latih,3,TV/monitor CRT,layar,0,0.8473
682,latih,14,Ponsel,ti,1,0.4304
683,latih,10,Keyboard,ti,1,0.439
684,latih,7,TV/monitor layar datar,layar,0,0.6533
685,latih,3,TV/monitor CRT,layar,1,0.634
686,latih,15,PCB dan tumpukan campuran,komponen,0,0.9737
687,latih,3,TV/monitor CRT,layar,1,0.5619
688,latih,15,PCB dan tumpukan campuran,komponen,1,0.8151
689,latih,15,PCB dan tumpukan campuran,komponen,1,0.6881
690,latih,15,PCB dan tumpukan campuran,komponen,0,0.9158
691,latih,15,PCB dan tumpukan campuran,komponen,0,0.9212
692,latih,15,PCB dan tumpukan campuran,komponen,1,0.6041
693,latih,14,Ponsel,ti,1,0.3035
694,latih,14,Ponsel,ti,1,0.3733
695,latih,14,Ponsel,ti,1,0.3645
696,latih,14,Ponsel,ti,1,0.2885
697,latih,7,TV/monitor layar datar,layar,0,0.7718
698,latih,7,TV/monitor layar datar,layar,0,0.8284
699,latih,7,TV/monitor layar datar,layar,0,0.7873
700,latih,7,TV/monitor layar datar,layar,0,0.7817
701,latih,7,TV/monitor layar datar,layar,0,0.8515
702,latih,7,TV/monitor layar datar,layar,0,0.8289
703,latih,15,PCB dan tumpukan campuran,komponen,1,0.7475
704,latih,15,PCB dan tumpukan campuran,komponen,0,0.8447
705,latih,15,PCB dan tumpukan campuran,komponen,1,0.7482
706,latih,3,TV/monitor CRT,layar,0,0.8386
707,latih,3,TV/monitor CRT,layar,1,0.6482
708,latih,10,Keyboard,ti,0,0.936
709,latih,7,TV/monitor layar datar,layar,0,0.8191
710,latih,15,PCB dan tumpukan campuran,komponen,0,0.7222
711,latih,7,TV/monitor layar datar,layar,0,0.7932
712,latih,3,TV/monitor CRT,layar,0,0.9552
713,latih,7,TV/monitor layar datar,layar,0,0.6568
714,latih,7,TV/monitor layar datar,layar,0,0.6582
715,latih,7,TV/monitor layar datar,layar,0,0.627
716,latih,9,Laptop,layar,1,0.3735
717,latih,7,TV/monitor layar datar,layar,0,0.6398
718,latih,7,TV/monitor layar datar,layar,0,0.6095
719,latih,15,PCB dan tumpukan campuran,komponen,1,0.7705
720,latih,7,TV/monitor layar datar,layar,0,0.6454
721,latih,7,TV/monitor layar datar,layar,0,0.666
722,latih,7,TV/monitor layar datar,layar,0,0.7603
723,latih,10,Keyboard,ti,0,0.9286
724,latih,7,TV/monitor layar datar,layar,0,0.7866
725,latih,7,TV/monitor layar datar,layar,0,0.8451
726,latih,7,TV/monitor layar datar,layar,0,0.8168
727,latih,7,TV/monitor layar datar,layar,0,0.8153
728,latih,7,TV/monitor layar datar,layar,0,0.8109
729,latih,7,TV/monitor layar datar,layar,0,0.8209
730,latih,15,PCB dan tumpukan campuran,komponen,1,0.6441
731,latih,9,Laptop,layar,1,0.877
732,latih,15,PCB dan tumpukan campuran,komponen,1,0.6338
733,latih,15,PCB dan tumpukan campuran,komponen,1,0.6192
734,latih,12,Printer,ti,1,0.8744
735,latih,15,PCB dan tumpukan campuran,komponen,0,1.0073
736,latih,9,Laptop,layar,1,0.7363
737,latih,3,TV/monitor CRT,layar,0,0.6915
738,latih,15,PCB dan tumpukan campuran,komponen,0,0.8448
739,latih,7,TV/monitor layar datar,layar,0,0.7751
740,latih,7,TV/monitor layar datar,layar,0,0.7702
741,latih,7,TV/monitor layar datar,layar,0,0.8418
742,latih,7,TV/monitor layar datar,layar,0,0.7787
743,latih,7,TV/monitor layar datar,layar,0,0.8444
744,latih,7,TV/monitor layar datar,layar,0,0.8055
745,latih,7,TV/monitor layar datar,layar,0,0.7652
746,latih,3,TV/monitor CRT,layar,0,0.9689
747,latih,14,Ponsel,ti,1,0.644
748,latih,7,TV/monitor layar datar,layar,0,0.904
749,latih,15,PCB dan tumpukan campuran,komponen,0,0.8927
750,latih,3,TV/monitor CRT,layar,0,0.8741
751,latih,3,TV/monitor CRT,layar,0,0.7527
752,latih,3,TV/monitor CRT,layar,0,0.7228
753,latih,3,TV/monitor CRT,layar,0,0.7336
754,latih,15,PCB dan tumpukan campuran,komponen,0,0.9758
755,latih,15,PCB dan tumpukan campuran,komponen,0,0.6884
756,latih,3,TV/monitor CRT,layar,0,0.9038
757,latih,9,Laptop,layar,1,0.9787
758,latih,15,PCB dan tumpukan campuran,komponen,0,1.1073
759,latih,15,PCB dan tumpukan campuran,komponen,0,0.9668
760,latih,15,PCB dan tumpukan campuran,komponen,1,0.7324
761,latih,15,PCB dan tumpukan campuran,komponen,1,0.8225
762,latih,3,TV/monitor CRT,layar,1,0.6282
763,latih,14,Ponsel,ti,0,0.6591
764,latih,3,TV/monitor CRT,layar,0,0.7774
765,latih,15,PCB dan tumpukan campuran,komponen,1,0.6623
766,latih,15,PCB dan tumpukan campuran,komponen,1,0.6593
767,latih,14,Ponsel,ti,1,0.6533
768,latih,15,PCB dan tumpukan campuran,komponen,0,0.6439
769,latih,15,PCB dan tumpukan campuran,komponen,0,0.697
770,latih,12,Printer,ti,1,0.7406
771,latih,9,Laptop,layar,1,0.6243
772,latih,3,TV/monitor CRT,layar,1,0.4788
773,latih,9,Laptop,layar,1,0.7009
774,latih,0,Aki (baterai timbal-asam),baterai,1,0.8527
775,latih,15,PCB dan tumpukan campuran,komponen,0,0.9126
776,latih,15,PCB dan tumpukan campuran,komponen,1,0.9169
777,latih,15,PCB dan tumpukan campuran,komponen,1,0.7693
778,latih,15,PCB dan tumpukan campuran,komponen,0,0.6224
779,latih,3,TV/monitor CRT,layar,0,0.6905
780,latih,9,Laptop,layar,1,0.7513
781,latih,15,PCB dan tumpukan campuran,komponen,0,0.6884
782,latih,15,PCB dan tumpukan campuran,komponen,1,0.8059
783,latih,15,PCB dan tumpukan campuran,komponen,0,0.9122
784,latih,15,PCB dan tumpukan campuran,komponen,0,1.0042
785,latih,3,TV/monitor CRT,layar,0,0.6633
786,latih,9,Laptop,layar,1,0.9136
787,latih,15,PCB dan tumpukan campuran,komponen,0,0.7585
788,latih,15,PCB dan tumpukan campuran,komponen,0,0.8368
789,latih,15,PCB dan tumpukan campuran,komponen,1,0.7582
790,latih,15,PCB dan tumpukan campuran,komponen,0,0.7041
791,latih,15,PCB dan tumpukan campuran,komponen,1,0.559
792,latih,15,PCB dan tumpukan campuran,komponen,0,0.9736
793,latih,15,PCB dan tumpukan campuran,komponen,0,0.8068
794,latih,15,PCB dan tumpukan campuran,komponen,1,0.763
795,latih,3,TV/monitor CRT,layar,1,0.3439
796,latih,15,PCB dan tumpukan campuran,komponen,1,0.5721
797,latih,7,TV/monitor layar datar,layar,0,0.8654
798,latih,15,PCB dan tumpukan campuran,komponen,0,0.8781
799,latih,15,PCB dan tumpukan campuran,komponen,0,0.8937
800,latih,9,Laptop,layar,1,0.9191
801,latih,15,PCB dan tumpukan campuran,komponen,0,0.953
802,latih,15,PCB dan tumpukan campuran,komponen,1,0.542
803,latih,15,PCB dan tumpukan campuran,komponen,1,0.7346
804,latih,9,Laptop,layar,1,0.7165
805,latih,9,Laptop,layar,1,0.8553
806,latih,9,Laptop,layar,0,0.6997
807,latih,15,PCB dan tumpukan campuran,komponen,0,0.8663
808,latih,15,PCB dan tumpukan campuran,komponen,0,0.8633
809,latih,15,PCB dan tumpukan campuran,komponen,0,0.9478
810,latih,15,PCB dan tumpukan campuran,komponen,0,0.9577
811,latih,15,PCB dan tumpukan campuran,komponen,0,0.7341
812,latih,15,PCB dan tumpukan campuran,komponen,1,0.6756
813,latih,15,PCB dan tumpukan campuran,komponen,0,0.9549
814,latih,15,PCB dan tumpukan campuran,komponen,0,1.0193
815,latih,15,PCB dan tumpukan campuran,komponen,1,0.8287
816,latih,3,TV/monitor CRT,layar,0,0.7851
817,latih,15,PCB dan tumpukan campuran,komponen,0,0.9315
818,latih,15,PCB dan tumpukan campuran,komponen,0,0.7083
819,latih,9,Laptop,layar,0,0.9705
820,latih,15,PCB dan tumpukan campuran,komponen,0,0.9412
821,latih,9,Laptop,layar,1,0.699
822,latih,15,PCB dan tumpukan campuran,komponen,0,1.0032
823,latih,14,Ponsel,ti,1,0.8462
824,latih,3,TV/monitor CRT,layar,0,0.8312
825,latih,15,PCB dan tumpukan campuran,komponen,0,0.9341
826,latih,3,TV/monitor CRT,layar,1,0.5289
827,latih,3,TV/monitor CRT,layar,0,0.5818
828,latih,10,Keyboard,ti,1,0.4927
829,latih,0,Aki (baterai timbal-asam),baterai,1,1.0011
830,latih,9,Laptop,layar,1,0.5545
831,latih,15,PCB dan tumpukan campuran,komponen,0,0.9203
832,latih,15,PCB dan tumpukan campuran,komponen,1,0.7132
833,latih,15,PCB dan tumpukan campuran,komponen,0,0.8586
834,latih,15,PCB dan tumpukan campuran,komponen,0,0.926
835,latih,3,TV/monitor CRT,layar,1,0.6174
836,latih,9,Laptop,layar,1,0.7977
837,latih,15,PCB dan tumpukan campuran,komponen,0,0.8963
838,latih,15,PCB dan tumpukan campuran,komponen,0,1.0681
839,latih,15,PCB dan tumpukan campuran,komponen,0,0.9917
840,latih,15,PCB dan tumpukan campuran,komponen,1,0.9056
841,latih,9,Laptop,layar,1,0.6104
842,latih,15,PCB dan tumpukan campuran,komponen,0,0.8428
843,latih,15,PCB dan tumpukan campuran,komponen,0,0.9851
844,latih,15,PCB dan tumpukan campuran,komponen,0,0.9016
845,latih,3,TV/monitor CRT,layar,0,0.6781
846,latih,15,PCB dan tumpukan campuran,komponen,0,0.8451
847,latih,15,PCB dan tumpukan campuran,komponen,0,0.8701
848,latih,15,PCB dan tumpukan campuran,komponen,0,0.5942
849,latih,9,Laptop,layar,0,0.9445
850,latih,7,TV/monitor layar datar,layar,1,0.5101
851,latih,9,Laptop,layar,0,0.8307
852,latih,15,PCB dan tumpukan campuran,komponen,1,0.6859
853,latih,15,PCB dan tumpukan campuran,komponen,0,0.8667
854,latih,15,PCB dan tumpukan campuran,komponen,0,0.9647
855,latih,3,TV/monitor CRT,layar,0,0.7728
856,latih,9,Laptop,layar,1,0.7015
857,latih,3,TV/monitor CRT,layar,1,0.5592
858,latih,15,PCB dan tumpukan campuran,komponen,0,1.0736
859,latih,15,PCB dan tumpukan campuran,komponen,0,0.8637
860,latih,15,PCB dan tumpukan campuran,komponen,1,0.7484
861,latih,15,PCB dan tumpukan campuran,komponen,0,0.7842
862,latih,9,Laptop,layar,1,0.9133
863,latih,3,TV/monitor CRT,layar,0,0.5984
864,latih,9,Laptop,layar,0,0.9578
865,latih,9,Laptop,layar,1,0.8303
866,latih,15,PCB dan tumpukan campuran,komponen,1,0.621
867,latih,15,PCB dan tumpukan campuran,komponen,0,1.0036
868,latih,15,PCB dan tumpukan campuran,komponen,0,0.7113
869,latih,9,Laptop,layar,1,0.5262
870,latih,9,Laptop,layar,1,0.8328
871,latih,15,PCB dan tumpukan campuran,komponen,0,0.9207
872,latih,15,PCB dan tumpukan campuran,komponen,1,0.5526
873,latih,3,TV/monitor CRT,layar,1,0.5271
874,latih,15,PCB dan tumpukan campuran,komponen,0,1.0864
875,latih,15,PCB dan tumpukan campuran,komponen,1,0.7088
876,latih,15,PCB dan tumpukan campuran,komponen,1,0.7292
877,latih,15,PCB dan tumpukan campuran,komponen,0,0.8542
878,latih,3,TV/monitor CRT,layar,0,0.7259
879,latih,9,Laptop,layar,1,0.7471
880,latih,10,Keyboard,ti,1,0.8675
881,latih,9,Laptop,layar,1,0.8397
882,latih,15,PCB dan tumpukan campuran,komponen,1,0.633
883,latih,3,TV/monitor CRT,layar,0,0.8185
884,latih,7,TV/monitor layar datar,layar,0,0.8366
885,latih,9,Laptop,layar,1,0.6831
886,latih,15,PCB dan tumpukan campuran,komponen,0,0.9927
887,latih,3,TV/monitor CRT,layar,1,0.568
888,latih,15,PCB dan tumpukan campuran,komponen,0,0.9516
889,latih,7,TV/monitor layar datar,layar,0,0.7671
890,latih,13,Mouse,ti,1,0.2344
891,latih,13,Mouse,ti,1,0.3484
892,latih,13,Mouse,ti,1,0.3614
893,latih,13,Mouse,ti,1,0.3072
894,latih,13,Mouse,ti,1,0.3503
895,latih,13,Mouse,ti,1,0.4284
896,latih,13,Mouse,ti,1,0.3009
897,latih,13,Mouse,ti,1,0.6022
898,latih,13,Mouse,ti,1,0.6153
899,latih,14,Ponsel,ti,1,0.672
900,latih,9,Laptop,layar,1,0.9257
901,latih,15,PCB dan tumpukan campuran,komponen,0,0.9935
902,latih,9,Laptop,layar,1,0.4802
903,latih,15,PCB dan tumpukan campuran,komponen,0,1.0012
904,latih,9,Laptop,layar,0,0.7842
905,latih,15,PCB dan tumpukan campuran,komponen,0,0.9541
906,latih,15,PCB dan tumpukan campuran,komponen,0,0.7191
907,latih,13,Mouse,ti,1,0.329
908,latih,13,Mouse,ti,1,0.301
909,latih,13,Mouse,ti,1,0.3645
910,latih,13,Mouse,ti,1,0.279
911,latih,13,Mouse,ti,1,0.3678
912,latih,13,Mouse,ti,1,0.3238
913,latih,13,Mouse,ti,1,0.3234
914,latih,13,Mouse,ti,1,0.3117
915,latih,13,Mouse,ti,1,0.3659
916,latih,13,Mouse,ti,1,0.3759
917,latih,15,PCB dan tumpukan campuran,komponen,1,0.7061
918,latih,3,TV/monitor CRT,layar,0,0.8539
919,latih,7,TV/monitor layar datar,layar,0,0.7475
920,latih,3,TV/monitor CRT,layar,1,0.53
921,latih,15,PCB dan tumpukan campuran,komponen,1,0.7977
922,latih,3,TV/monitor CRT,layar,1,0.519
923,latih,3,TV/monitor CRT,layar,0,0.8013
924,latih,13,Mouse,ti,1,0.4201
925,latih,14,Ponsel,ti,1,0.5589
926,latih,13,Mouse,ti,1,0.3007
927,latih,13,Mouse,ti,1,0.3946
928,latih,13,Mouse,ti,1,0.2914
929,latih,13,Mouse,ti,1,0.3126
930,latih,13,Mouse,ti,1,0.3257
931,latih,13,Mouse,ti,1,0.341
932,latih,13,Mouse,ti,1,0.6245
933,latih,13,Mouse,ti,1,0.4365
934,latih,13,Mouse,ti,1,0.3988
935,latih,15,PCB dan tumpukan campuran,komponen,1,0.7712
936,latih,15,PCB dan tumpukan campuran,komponen,0,0.8552
937,latih,3,TV/monitor CRT,layar,0,0.6062
938,latih,15,PCB dan tumpukan campuran,komponen,1,0.7444
939,latih,15,PCB dan tumpukan campuran,komponen,0,0.9133
940,latih,15,PCB dan tumpukan campuran,komponen,0,0.9079
941,latih,13,Mouse,ti,1,0.7297
942,latih,13,Mouse,ti,1,0.333
943,latih,13,Mouse,ti,1,0.3535
944,latih,13,Mouse,ti,1,0.6012
945,latih,13,Mouse,ti,1,0.3722
946,latih,13,Mouse,ti,1,0.2714
947,latih,13,Mouse,ti,1,0.3043
948,latih,13,Mouse,ti,1,0.3869
949,latih,13,Mouse,ti,1,0.3004
950,latih,13,Mouse,ti,1,0.3195
951,latih,15,PCB dan tumpukan campuran,komponen,1,0.527
952,latih,15,PCB dan tumpukan campuran,komponen,1,0.8071
953,latih,8,Mesin cuci front-load,besar,1,0.451
954,latih,15,PCB dan tumpukan campuran,komponen,0,0.8749
955,latih,13,Mouse,ti,1,0.2727
956,latih,13,Mouse,ti,1,0.2775
957,latih,13,Mouse,ti,1,0.5792
958,latih,13,Mouse,ti,1,0.4966
959,latih,13,Mouse,ti,1,0.2879
960,latih,7,TV/monitor layar datar,layar,0,0.8533
961,latih,13,Mouse,ti,1,0.4254
962,latih,13,Mouse,ti,1,0.4279
963,latih,13,Mouse,ti,1,0.3894
964,latih,13,Mouse,ti,1,0.3554
965,latih,13,Mouse,ti,1,0.3712
966,latih,15,PCB dan tumpukan campuran,komponen,0,0.6805
967,latih,7,TV/monitor layar datar,layar,0,0.7945
968,latih,7,TV/monitor layar datar,layar,0,0.8102
969,latih,15,PCB dan tumpukan campuran,komponen,0,0.9795
970,latih,9,Laptop,layar,1,0.8307
971,latih,15,PCB dan tumpukan campuran,komponen,0,1.0256
972,latih,15,PCB dan tumpukan campuran,komponen,0,0.9994
973,latih,15,PCB dan tumpukan campuran,komponen,1,0.6388
974,latih,15,PCB dan tumpukan campuran,komponen,1,0.7609
975,latih,10,Keyboard,ti,1,0.4186
976,latih,3,TV/monitor CRT,layar,1,0.4924
977,latih,15,PCB dan tumpukan campuran,komponen,0,1.0344
978,latih,3,TV/monitor CRT,layar,1,0.4036
979,latih,3,TV/monitor CRT,layar,0,0.7218
980,latih,15,PCB dan tumpukan campuran,komponen,1,0.6022
981,latih,9,Laptop,layar,0,0.9463
982,latih,15,PCB dan tumpukan campuran,komponen,0,0.8578
983,latih,9,Laptop,layar,1,0.7875
984,latih,13,Mouse,ti,1,0.3268
985,latih,13,Mouse,ti,1,0.3334
986,latih,13,Mouse,ti,1,0.3157
987,latih,13,Mouse,ti,1,0.3161
988,latih,13,Mouse,ti,1,0.2993
989,latih,13,Mouse,ti,1,0.4621
990,latih,13,Mouse,ti,1,0.3362
991,latih,13,Mouse,ti,1,0.3459
992,latih,13,Mouse,ti,1,0.3714
993,latih,13,Mouse,ti,1,0.3801
994,latih,13,Mouse,ti,1,0.3599
995,latih,13,Mouse,ti,1,0.4382
996,latih,13,Mouse,ti,1,0.3242
997,latih,13,Mouse,ti,1,0.3434
998,latih,15,PCB dan tumpukan campuran,komponen,0,0.5925
999,latih,7,TV/monitor layar datar,layar,0,0.7158
1000,latih,15,PCB dan tumpukan campuran,komponen,0,0.7292
1001,latih,15,PCB dan tumpukan campuran,komponen,0,0.783
1002,latih,15,PCB dan tumpukan campuran,komponen,0,0.6478
1003,latih,0,Aki (baterai timbal-asam),baterai,0,0.7287
1004,latih,15,PCB dan tumpukan campuran,komponen,0,1.0328
1005,latih,15,PCB dan tumpukan campuran,komponen,1,0.5778
1006,latih,15,PCB dan tumpukan campuran,komponen,0,0.9383
1007,latih,15,PCB dan tumpukan campuran,komponen,0,0.7771
1008,latih,9,Laptop,layar,1,0.6499
1009,latih,15,PCB dan tumpukan campuran,komponen,1,0.7481
1010,latih,3,TV/monitor CRT,layar,1,0.3668
1011,latih,10,Keyboard,ti,1,0.5975
1012,latih,15,PCB dan tumpukan campuran,komponen,0,0.9737
1013,latih,9,Laptop,layar,0,0.919
1014,latih,3,TV/monitor CRT,layar,0,0.8209
1015,latih,7,TV/monitor layar datar,layar,0,0.8147
1016,latih,15,PCB dan tumpukan campuran,komponen,0,0.9505
1017,latih,7,TV/monitor layar datar,layar,0,0.7647
1018,latih,7,TV/monitor layar datar,layar,0,0.6718
1019,latih,7,TV/monitor layar datar,layar,0,0.71
1020,latih,13,Mouse,ti,1,0.402
1021,latih,13,Mouse,ti,1,0.3808
1022,latih,13,Mouse,ti,1,0.3314
1023,latih,13,Mouse,ti,1,0.4147
1024,latih,13,Mouse,ti,1,0.3247
1025,latih,13,Mouse,ti,1,0.3096
1026,latih,9,Laptop,layar,1,0.6774
1027,latih,9,Laptop,layar,1,0.7025
1028,latih,9,Laptop,layar,1,0.5284
1029,latih,9,Laptop,layar,1,0.5482
1030,latih,9,Laptop,layar,1,0.4414
1031,latih,9,Laptop,layar,1,0.4311
1032,latih,9,Laptop,layar,1,0.4768
1033,latih,9,Laptop,layar,1,0.4899
1034,latih,15,PCB dan tumpukan campuran,komponen,0,0.817
1035,latih,15,PCB dan tumpukan campuran,komponen,0,0.8392
1036,latih,15,PCB dan tumpukan campuran,komponen,0,0.8497
1037,latih,15,PCB dan tumpukan campuran,komponen,0,0.8585
1038,latih,15,PCB dan tumpukan campuran,komponen,0,0.8374
1039,latih,14,Ponsel,ti,1,0.2649
1040,latih,14,Ponsel,ti,1,0.2737
1041,latih,14,Ponsel,ti,1,0.4734
1042,latih,14,Ponsel,ti,1,0.28
1043,latih,14,Ponsel,ti,1,0.3072
1044,latih,14,Ponsel,ti,1,0.2751
1045,latih,14,Ponsel,ti,1,0.2943
1046,latih,14,Ponsel,ti,1,0.6968
1047,latih,14,Ponsel,ti,1,0.353
1048,latih,14,Ponsel,ti,1,0.4018
1049,latih,14,Ponsel,ti,1,0.4385
1050,latih,15,PCB dan tumpukan campuran,komponen,0,0.8279
1051,latih,15,PCB dan tumpukan campuran,komponen,0,0.8176
1052,latih,15,PCB dan tumpukan campuran,komponen,0,0.8567
1053,latih,15,PCB dan tumpukan campuran,komponen,0,0.7959
1054,latih,15,PCB dan tumpukan campuran,komponen,0,0.8153
1055,latih,7,TV/monitor layar datar,layar,0,0.7889
1056,latih,10,Keyboard,ti,1,0.4374
1057,latih,14,Ponsel,ti,1,0.8632
1058,latih,14,Ponsel,ti,1,0.813
1059,latih,14,Ponsel,ti,1,0.8597
1060,latih,9,Laptop,layar,1,0.9075
1061,latih,7,TV/monitor layar datar,layar,0,0.7477
1062,latih,7,TV/monitor layar datar,layar,0,0.7582
1063,latih,7,TV/monitor layar datar,layar,0,0.7644
1064,latih,7,TV/monitor layar datar,layar,0,0.7821
1065,latih,14,Ponsel,ti,1,0.7913
1066,latih,14,Ponsel,ti,1,0.616
1067,latih,14,Ponsel,ti,1,0.3296
1068,latih,14,Ponsel,ti,1,0.4105
1069,latih,14,Ponsel,ti,1,0.3488
1070,latih,7,TV/monitor layar datar,layar,0,0.9162
1071,latih,15,PCB dan tumpukan campuran,komponen,0,1.0456
1072,latih,15,PCB dan tumpukan campuran,komponen,0,0.9357
1073,latih,0,Aki (baterai timbal-asam),baterai,1,0.9462
1074,latih,9,Laptop,layar,1,0.7848
1075,latih,9,Laptop,layar,1,0.7738
1076,latih,9,Laptop,layar,1,0.6947
1077,latih,9,Laptop,layar,1,0.6888
1078,latih,9,Laptop,layar,1,0.6926
1079,latih,9,Laptop,layar,1,0.435
1080,latih,14,Ponsel,ti,1,0.2992
1081,latih,14,Ponsel,ti,1,0.5884
1082,latih,14,Ponsel,ti,1,0.2841
1083,latih,14,Ponsel,ti,1,0.5926
1084,latih,14,Ponsel,ti,1,0.4758
1085,latih,14,Ponsel,ti,1,0.8373
1086,latih,14,Ponsel,ti,1,0.2292
1087,latih,14,Ponsel,ti,1,0.2855
1088,latih,13,Mouse,ti,1,0.3897
1089,latih,13,Mouse,ti,1,0.3047
1090,latih,13,Mouse,ti,1,0.388
1091,latih,14,Ponsel,ti,1,0.4118
1092,latih,14,Ponsel,ti,1,0.4255
1093,latih,14,Ponsel,ti,1,0.4398
1094,latih,14,Ponsel,ti,1,0.3737
1095,latih,14,Ponsel,ti,1,0.3919
1096,latih,14,Ponsel,ti,1,0.7061
1097,latih,7,TV/monitor layar datar,layar,0,0.8077
1098,latih,7,TV/monitor layar datar,layar,0,0.7802
1099,latih,7,TV/monitor layar datar,layar,0,0.7607
1100,latih,7,TV/monitor layar datar,layar,0,0.7766
1101,latih,7,TV/monitor layar datar,layar,0,0.6997
1102,latih,7,TV/monitor layar datar,layar,0,0.782
1103,latih,10,Keyboard,ti,1,0.4645
1104,latih,10,Keyboard,ti,1,0.4545
1105,latih,13,Mouse,ti,1,0.3712
1106,latih,13,Mouse,ti,1,0.4133
1107,latih,10,Keyboard,ti,1,0.5826
1108,latih,10,Keyboard,ti,1,0.5001
1109,latih,10,Keyboard,ti,0,0.9604
1110,latih,9,Laptop,layar,1,0.42
1111,latih,9,Laptop,layar,1,0.4996
1112,latih,9,Laptop,layar,1,0.4779
1113,latih,9,Laptop,layar,1,0.4251
1114,latih,9,Laptop,layar,1,0.3878
1115,latih,9,Laptop,layar,1,0.4107
1116,latih,9,Laptop,layar,1,0.3915
1117,latih,14,Ponsel,ti,1,0.3407
1118,latih,14,Ponsel,ti,1,0.4433
1119,latih,14,Ponsel,ti,1,0.3431
1120,latih,14,Ponsel,ti,1,0.4187
1121,latih,14,Ponsel,ti,1,0.5485
1122,latih,14,Ponsel,ti,1,0.5739
1123,latih,14,Ponsel,ti,1,0.61
1124,latih,14,Ponsel,ti,1,0.4806
1125,latih,9,Laptop,layar,1,0.4505
1126,latih,9,Laptop,layar,1,0.4809
1127,latih,9,Laptop,layar,1,0.5857
1128,latih,9,Laptop,layar,1,0.5383
1129,latih,9,Laptop,layar,1,0.4872
1130,latih,9,Laptop,layar,1,0.4965
1131,latih,9,Laptop,layar,1,0.4466
1132,latih,9,Laptop,layar,1,0.4045
1133,latih,9,Laptop,layar,1,0.4051
1134,latih,9,Laptop,layar,1,0.7412
1135,latih,9,Laptop,layar,1,0.7426
1136,latih,9,Laptop,layar,1,0.758
1137,latih,9,Laptop,layar,1,0.7673
1138,latih,9,Laptop,layar,1,0.7294
1139,latih,9,Laptop,layar,1,0.7306
1140,latih,9,Laptop,layar,1,0.7644
1141,latih,9,Laptop,layar,1,0.7408
1142,latih,9,Laptop,layar,1,0.7377
1143,latih,9,Laptop,layar,1,0.7618
1144,latih,9,Laptop,layar,1,0.7539
1145,latih,9,Laptop,layar,1,0.7511
1146,latih,9,Laptop,layar,1,0.7354
1147,latih,14,Ponsel,ti,1,0.3247
1148,latih,14,Ponsel,ti,1,0.38
1149,latih,14,Ponsel,ti,1,0.3585
1150,latih,14,Ponsel,ti,1,0.3305
1151,latih,9,Laptop,layar,1,0.6988
1152,latih,13,Mouse,ti,1,0.2499
1153,latih,13,Mouse,ti,1,0.2603
1154,latih,13,Mouse,ti,1,0.3024
1155,latih,14,Ponsel,ti,1,0.4442
1156,latih,13,Mouse,ti,1,0.3272
1157,latih,10,Keyboard,ti,1,0.6586
1158,latih,10,Keyboard,ti,1,0.6233
1159,latih,10,Keyboard,ti,1,0.6743
1160,latih,7,TV/monitor layar datar,layar,0,0.6762
1161,latih,0,Aki (baterai timbal-asam),baterai,1,0.6999
1162,latih,0,Aki (baterai timbal-asam),baterai,1,0.7411
1163,latih,5,Pemutar CD/radio,kecil,0,0.8991
1164,latih,5,Pemutar CD/radio,kecil,0,0.9608
1165,latih,2,Turntable,kecil,0,0.945
1166,latih,9,Laptop,layar,1,0.4144
1167,latih,10,Keyboard,ti,1,0.5322
1168,latih,10,Keyboard,ti,1,0.7004
1169,latih,0,Aki (baterai timbal-asam),baterai,1,0.806
1170,latih,0,Aki (baterai timbal-asam),baterai,1,0.7314
1171,latih,0,Aki (baterai timbal-asam),baterai,1,0.6536
1172,latih,0,Aki (baterai timbal-asam),baterai,1,0.7606
1173,latih,0,Aki (baterai timbal-asam),baterai,1,0.7032
1174,latih,0,Aki (baterai timbal-asam),baterai,1,0.6648
1175,latih,15,PCB dan tumpukan campuran,komponen,0,0.954
1176,latih,15,PCB dan tumpukan campuran,komponen,0,0.9662
1177,latih,15,PCB dan tumpukan campuran,komponen,0,0.9112
1178,latih,0,Aki (baterai timbal-asam),baterai,1,0.8816
1179,latih,0,Aki (baterai timbal-asam),baterai,1,0.7691
1180,latih,0,Aki (baterai timbal-asam),baterai,1,0.9547
1181,latih,0,Aki (baterai timbal-asam),baterai,1,0.9381
1182,latih,13,Mouse,ti,1,0.8204
1183,latih,10,Keyboard,ti,1,0.3944
1184,latih,10,Keyboard,ti,1,0.4015
1185,latih,10,Keyboard,ti,1,0.5778
1186,latih,10,Keyboard,ti,1,0.4673
1187,latih,10,Keyboard,ti,1,0.4504
1188,latih,10,Keyboard,ti,1,0.4265
1189,latih,10,Keyboard,ti,1,0.404
1190,latih,10,Keyboard,ti,1,0.6528
1191,latih,10,Keyboard,ti,1,0.5789
1192,latih,10,Keyboard,ti,1,0.8173
1193,latih,9,Laptop,layar,1,0.798
1194,latih,10,Keyboard,ti,1,0.5793
1195,latih,9,Laptop,layar,1,0.7233
1196,latih,10,Keyboard,ti,1,0.3901
1197,latih,10,Keyboard,ti,1,0.438
1198,latih,10,Keyboard,ti,1,0.5411
1199,latih,10,Keyboard,ti,1,0.5285
1200,latih,10,Keyboard,ti,1,0.7384
1201,latih,10,Keyboard,ti,1,0.464
1202,latih,10,Keyboard,ti,1,0.411
1203,latih,10,Keyboard,ti,0,0.7265
1204,latih,10,Keyboard,ti,1,0.5145
1205,latih,10,Keyboard,ti,0,0.9351
1206,latih,10,Keyboard,ti,1,0.4693
1207,latih,10,Keyboard,ti,1,0.4612
1208,latih,10,Keyboard,ti,1,0.3991
1209,latih,10,Keyboard,ti,1,0.3068
1210,latih,10,Keyboard,ti,1,0.3831
1211,latih,10,Keyboard,ti,1,0.4178
1212,latih,10,Keyboard,ti,1,0.4701
1213,latih,10,Keyboard,ti,1,0.8427
1214,latih,10,Keyboard,ti,1,0.5424
1215,latih,10,Keyboard,ti,1,0.4067
1216,latih,10,Keyboard,ti,1,0.5843
1217,latih,10,Keyboard,ti,1,0.3776
1218,latih,10,Keyboard,ti,1,0.4334
1219,latih,10,Keyboard,ti,1,0.5208
1220,latih,10,Keyboard,ti,1,0.43
1221,latih,10,Keyboard,ti,0,0.7355
1222,latih,10,Keyboard,ti,1,0.6136
1223,latih,10,Keyboard,ti,1,0.3954
1224,latih,10,Keyboard,ti,1,0.4805
1225,latih,10,Keyboard,ti,1,0.4279
1226,latih,10,Keyboard,ti,0,1.0666
1227,latih,10,Keyboard,ti,1,0.4415
1228,latih,10,Keyboard,ti,1,0.694
1229,latih,10,Keyboard,ti,1,0.4122
1230,latih,10,Keyboard,ti,1,0.5707
1231,latih,10,Keyboard,ti,1,0.3907
1232,latih,10,Keyboard,ti,1,0.8588
1233,latih,10,Keyboard,ti,1,0.7597
1234,latih,10,Keyboard,ti,1,0.7531
1235,latih,10,Keyboard,ti,1,0.4067
1236,latih,10,Keyboard,ti,1,0.3411
1237,latih,10,Keyboard,ti,1,0.414
1238,latih,10,Keyboard,ti,1,0.538
1239,latih,10,Keyboard,ti,1,0.3763
1240,latih,10,Keyboard,ti,1,0.4829
1241,latih,10,Keyboard,ti,1,0.3914
1242,latih,10,Keyboard,ti,1,0.5069
1243,latih,10,Keyboard,ti,1,0.9267
1244,latih,10,Keyboard,ti,1,0.3898
1245,latih,10,Keyboard,ti,1,0.3785
1246,latih,10,Keyboard,ti,1,0.618
1247,latih,10,Keyboard,ti,1,0.4765
1248,latih,10,Keyboard,ti,1,0.4198
1249,latih,10,Keyboard,ti,1,0.4645
1250,latih,10,Keyboard,ti,1,0.3796
1251,latih,10,Keyboard,ti,1,0.3698
1252,latih,10,Keyboard,ti,1,0.7706
1253,latih,10,Keyboard,ti,1,0.3922
1254,latih,10,Keyboard,ti,1,0.6284
1255,latih,10,Keyboard,ti,1,0.3669
1256,latih,10,Keyboard,ti,1,0.3576
1257,latih,10,Keyboard,ti,1,0.6363
1258,latih,10,Keyboard,ti,1,0.498
1259,latih,10,Keyboard,ti,1,0.3828
1260,latih,10,Keyboard,ti,1,0.334
1261,latih,10,Keyboard,ti,1,0.4864
1262,latih,10,Keyboard,ti,1,0.4645
1263,latih,10,Keyboard,ti,1,0.6459
1264,latih,10,Keyboard,ti,1,0.4738
1265,latih,10,Keyboard,ti,1,0.4045
1266,latih,10,Keyboard,ti,1,0.5619
1267,latih,10,Keyboard,ti,1,0.4109
1268,latih,10,Keyboard,ti,1,0.3727
1269,latih,10,Keyboard,ti,1,0.4102
1270,latih,10,Keyboard,ti,0,0.8575
1271,latih,10,Keyboard,ti,1,0.6832
1272,latih,10,Keyboard,ti,1,0.3004
1273,latih,10,Keyboard,ti,1,0.4021
1274,latih,10,Keyboard,ti,1,0.361
1275,latih,10,Keyboard,ti,1,0.7233
1276,latih,10,Keyboard,ti,1,0.4234
1277,latih,10,Keyboard,ti,1,0.387
1278,latih,10,Keyboard,ti,1,0.4265
1279,latih,10,Keyboard,ti,1,0.5263
1280,latih,10,Keyboard,ti,1,0.4358
1281,latih,10,Keyboard,ti,1,0.3809
1282,latih,10,Keyboard,ti,1,0.7262
1283,latih,10,Keyboard,ti,1,0.4915
1284,latih,10,Keyboard,ti,1,0.2891
1285,latih,10,Keyboard,ti,1,0.3487
1286,latih,10,Keyboard,ti,1,0.4178
1287,latih,10,Keyboard,ti,1,0.6785
1288,latih,10,Keyboard,ti,1,0.455
1289,latih,10,Keyboard,ti,1,0.4104
1290,latih,12,Printer,ti,0,1.0477
1291,latih,10,Keyboard,ti,1,0.5422
1292,latih,10,Keyboard,ti,1,0.3116
1293,latih,10,Keyboard,ti,1,0.5719
1294,latih,9,Laptop,layar,1,0.6762
1295,latih,10,Keyboard,ti,1,0.4085
1296,latih,10,Keyboard,ti,1,0.3991
1297,latih,10,Keyboard,ti,1,0.4209
1298,latih,10,Keyboard,ti,1,0.4122
1299,latih,10,Keyboard,ti,1,0.3804
1300,latih,10,Keyboard,ti,1,0.4098
1301,latih,10,Keyboard,ti,1,0.3637
1302,latih,14,Ponsel,ti,0,1.1132
1303,latih,10,Keyboard,ti,0,0.9657
1304,latih,10,Keyboard,ti,0,0.8147
1305,latih,10,Keyboard,ti,1,0.6098
1306,latih,10,Keyboard,ti,1,0.8317
1307,latih,10,Keyboard,ti,1,0.3529
1308,latih,10,Keyboard,ti,1,0.4879
1309,latih,10,Keyboard,ti,1,0.7086
1310,latih,10,Keyboard,ti,1,0.3769
1311,latih,10,Keyboard,ti,0,0.8929
1312,latih,0,Aki (baterai timbal-asam),baterai,0,0.9491
1313,latih,10,Keyboard,ti,1,0.6983
1314,latih,10,Keyboard,ti,1,0.4069
1315,latih,10,Keyboard,ti,0,1.011
1316,latih,9,Laptop,layar,0,0.7387
1317,latih,10,Keyboard,ti,1,0.7303
1318,latih,10,Keyboard,ti,1,0.3746
1319,latih,10,Keyboard,ti,1,0.3912
1320,latih,10,Keyboard,ti,1,0.3163
1321,latih,10,Keyboard,ti,1,0.2951
1322,latih,10,Keyboard,ti,1,0.4638
1323,latih,0,Aki (baterai timbal-asam),baterai,0,0.916
1324,latih,10,Keyboard,ti,1,0.4356
1325,latih,10,Keyboard,ti,1,0.4119
1326,latih,10,Keyboard,ti,1,0.5913
1327,latih,10,Keyboard,ti,1,0.6506
1328,latih,10,Keyboard,ti,1,0.3713
1329,latih,10,Keyboard,ti,1,0.4281
1330,latih,10,Keyboard,ti,1,0.4013
1331,latih,10,Keyboard,ti,1,0.3431
1332,latih,10,Keyboard,ti,1,0.2965
1333,latih,10,Keyboard,ti,1,0.3677
1334,latih,10,Keyboard,ti,1,0.4317
1335,latih,10,Keyboard,ti,1,0.6249
1336,latih,10,Keyboard,ti,1,0.4032
1337,latih,10,Keyboard,ti,1,0.3124
1338,latih,10,Keyboard,ti,1,0.5267
1339,latih,9,Laptop,layar,1,0.7081
1340,latih,10,Keyboard,ti,0,0.8275
1341,latih,10,Keyboard,ti,1,0.4045
1342,latih,10,Keyboard,ti,0,0.8015
1343,latih,10,Keyboard,ti,1,0.4168
1344,latih,10,Keyboard,ti,0,1.0807
1345,latih,10,Keyboard,ti,1,0.4105
1346,latih,10,Keyboard,ti,1,0.4421
1347,latih,10,Keyboard,ti,1,0.4774
1348,latih,10,Keyboard,ti,1,0.4175
1349,latih,10,Keyboard,ti,1,0.3928
1350,latih,10,Keyboard,ti,1,0.3804
1351,latih,10,Keyboard,ti,1,0.7921
1352,latih,10,Keyboard,ti,1,0.3019
1353,latih,10,Keyboard,ti,1,0.5065
1354,latih,10,Keyboard,ti,1,0.4765
1355,latih,10,Keyboard,ti,0,0.9534
1356,latih,10,Keyboard,ti,1,0.5457
1357,latih,10,Keyboard,ti,1,0.3544
1358,latih,10,Keyboard,ti,1,0.5047
1359,latih,10,Keyboard,ti,1,0.3886
1360,latih,10,Keyboard,ti,1,0.4717
1361,latih,10,Keyboard,ti,0,0.7335
1362,latih,10,Keyboard,ti,1,0.398
1363,latih,10,Keyboard,ti,1,0.377
1364,latih,10,Keyboard,ti,1,0.3905
1365,latih,10,Keyboard,ti,0,1.1043
1366,latih,10,Keyboard,ti,1,0.368
1367,latih,10,Keyboard,ti,1,0.475
1368,latih,10,Keyboard,ti,1,0.4262
1369,latih,10,Keyboard,ti,1,0.5378
1370,latih,10,Keyboard,ti,1,0.4395
1371,latih,10,Keyboard,ti,1,0.4067
1372,latih,10,Keyboard,ti,0,0.9879
1373,latih,10,Keyboard,ti,1,0.7211
1374,latih,10,Keyboard,ti,0,0.978
1375,latih,10,Keyboard,ti,1,0.4318
1376,latih,10,Keyboard,ti,1,0.534
1377,latih,10,Keyboard,ti,0,0.9381
1378,latih,10,Keyboard,ti,1,0.5207
1379,latih,9,Laptop,layar,0,0.8212
1380,latih,10,Keyboard,ti,1,0.5119
1381,latih,10,Keyboard,ti,1,0.41
1382,latih,10,Keyboard,ti,1,0.4053
1383,latih,10,Keyboard,ti,0,0.8586
1384,latih,10,Keyboard,ti,1,0.6455
1385,latih,10,Keyboard,ti,1,0.6696
1386,latih,10,Keyboard,ti,1,0.525
1387,latih,10,Keyboard,ti,1,0.7891
1388,latih,10,Keyboard,ti,0,0.9641
1389,latih,10,Keyboard,ti,1,0.3823
1390,latih,10,Keyboard,ti,1,0.7731
1391,latih,10,Keyboard,ti,0,1.0801
1392,latih,10,Keyboard,ti,1,0.5844
1393,latih,10,Keyboard,ti,1,0.4891
1394,latih,10,Keyboard,ti,1,0.4176
1395,latih,10,Keyboard,ti,1,0.4006
1396,latih,10,Keyboard,ti,1,0.4913
1397,latih,10,Keyboard,ti,1,0.3636
1398,latih,10,Keyboard,ti,0,0.9192
1399,latih,10,Keyboard,ti,1,0.2789
1400,latih,10,Keyboard,ti,1,0.3958
1401,latih,10,Keyboard,ti,1,0.3802
1402,latih,10,Keyboard,ti,1,0.7911
1403,latih,10,Keyboard,ti,1,0.4442
1404,latih,10,Keyboard,ti,1,0.5912
1405,latih,10,Keyboard,ti,1,0.6727
1406,latih,10,Keyboard,ti,1,0.4756
1407,latih,10,Keyboard,ti,1,0.6443
1408,latih,10,Keyboard,ti,1,0.7143
1409,latih,9,Laptop,layar,1,0.7084
1410,latih,10,Keyboard,ti,1,0.4484
1411,latih,10,Keyboard,ti,1,0.365
1412,latih,11,Microwave,kecil,1,0.6497
1413,latih,11,Microwave,kecil,1,0.4298
1414,latih,11,Microwave,kecil,1,0.3705
1415,latih,11,Microwave,kecil,1,0.3986
1416,latih,11,Microwave,kecil,1,0.3513
1417,latih,11,Microwave,kecil,1,0.2691
1418,latih,11,Microwave,kecil,1,0.3377
1419,latih,11,Microwave,kecil,1,0.3043
1420,latih,11,Microwave,kecil,1,0.9223
1421,latih,11,Microwave,kecil,1,0.2793
1422,latih,11,Microwave,kecil,1,0.2737
1423,latih,11,Microwave,kecil,1,0.2897
1424,latih,11,Microwave,kecil,1,0.2582
1425,latih,11,Microwave,kecil,1,0.6411
1426,latih,11,Microwave,kecil,1,0.312
1427,latih,11,Microwave,kecil,1,0.3231
1428,latih,11,Microwave,kecil,1,0.4803
1429,latih,11,Microwave,kecil,1,0.4597
1430,latih,11,Microwave,kecil,1,0.2862
1431,latih,11,Microwave,kecil,1,0.3244
1432,latih,11,Microwave,kecil,1,0.6021
1433,latih,11,Microwave,kecil,1,0.5196
1434,latih,11,Microwave,kecil,1,0.2202
1435,latih,11,Microwave,kecil,1,0.6139
1436,latih,11,Microwave,kecil,1,0.4175
1437,latih,11,Microwave,kecil,1,0.2679
1438,latih,11,Microwave,kecil,1,0.3319
1439,latih,11,Microwave,kecil,1,0.2801
1440,latih,11,Microwave,kecil,1,0.3306
1441,latih,11,Microwave,kecil,1,0.2614
1442,latih,11,Microwave,kecil,1,0.2746
1443,latih,11,Microwave,kecil,1,0.4529
1444,latih,11,Microwave,kecil,1,0.3309
1445,latih,11,Microwave,kecil,1,0.3242
1446,latih,11,Microwave,kecil,1,0.3497
1447,latih,11,Microwave,kecil,1,0.2504
1448,latih,11,Microwave,kecil,1,0.2548
1449,latih,11,Microwave,kecil,1,0.7826
1450,latih,11,Microwave,kecil,1,0.3129
1451,latih,11,Microwave,kecil,1,0.5197
1452,latih,11,Microwave,kecil,1,0.6402
1453,latih,11,Microwave,kecil,1,0.8409
1454,latih,11,Microwave,kecil,1,0.7909
1455,latih,11,Microwave,kecil,1,0.3869
1456,latih,11,Microwave,kecil,1,0.6531
1457,latih,11,Microwave,kecil,1,0.2953
1458,latih,11,Microwave,kecil,1,0.3032
1459,latih,11,Microwave,kecil,1,0.3358
1460,latih,11,Microwave,kecil,1,0.4363
1461,latih,11,Microwave,kecil,1,0.221
1462,latih,11,Microwave,kecil,1,0.2711
1463,latih,11,Microwave,kecil,1,0.3268
1464,latih,11,Microwave,kecil,1,0.3081
1465,latih,11,Microwave,kecil,1,0.2949
1466,latih,11,Microwave,kecil,1,0.4167
1467,latih,11,Microwave,kecil,1,0.2898
1468,latih,11,Microwave,kecil,1,0.3051
1469,latih,11,Microwave,kecil,1,0.2688
1470,latih,11,Microwave,kecil,1,0.4249
1471,latih,11,Microwave,kecil,1,0.381
1472,latih,11,Microwave,kecil,1,0.2962
1473,latih,11,Microwave,kecil,1,0.232
1474,latih,11,Microwave,kecil,1,0.282
1475,latih,11,Microwave,kecil,1,0.2839
1476,latih,11,Microwave,kecil,1,0.2869
1477,latih,11,Microwave,kecil,1,0.2704
1478,latih,11,Microwave,kecil,1,0.2897
1479,latih,11,Microwave,kecil,1,0.3027
1480,latih,11,Microwave,kecil,1,0.3706
1481,latih,11,Microwave,kecil,1,0.4969
1482,latih,11,Microwave,kecil,1,0.392
1483,latih,11,Microwave,kecil,1,0.2379
1484,latih,11,Microwave,kecil,1,0.6656
1485,latih,11,Microwave,kecil,1,0.2898
1486,latih,11,Microwave,kecil,1,0.2421
1487,latih,11,Microwave,kecil,1,0.2926
1488,latih,11,Microwave,kecil,1,0.5513
1489,latih,11,Microwave,kecil,1,0.247
1490,latih,11,Microwave,kecil,1,0.2943
1491,latih,11,Microwave,kecil,1,0.3116
1492,latih,11,Microwave,kecil,1,0.7603
1493,latih,11,Microwave,kecil,1,0.4303
1494,latih,11,Microwave,kecil,1,0.3008
1495,latih,11,Microwave,kecil,1,0.288
1496,latih,11,Microwave,kecil,1,0.4509
1497,latih,11,Microwave,kecil,1,0.2851
1498,latih,11,Microwave,kecil,1,0.3534
1499,latih,11,Microwave,kecil,1,0.2804
1500,latih,11,Microwave,kecil,1,0.5979
1501,latih,11,Microwave,kecil,1,0.4037
1502,latih,11,Microwave,kecil,1,0.3047
1503,latih,11,Microwave,kecil,1,0.2898
1504,latih,11,Microwave,kecil,1,0.3127
1505,latih,11,Microwave,kecil,1,0.4682
1506,latih,11,Microwave,kecil,1,0.3604
1507,latih,11,Microwave,kecil,1,0.5119
1508,latih,11,Microwave,kecil,1,0.2992
1509,latih,11,Microwave,kecil,1,0.6397
1510,latih,11,Microwave,kecil,1,0.257
1511,latih,11,Microwave,kecil,1,0.2806
1512,latih,11,Microwave,kecil,1,0.2134
1513,latih,11,Microwave,kecil,1,0.2782
1514,latih,11,Microwave,kecil,1,0.2935
1515,latih,11,Microwave,kecil,1,0.2949
1516,latih,11,Microwave,kecil,1,0.4659
1517,latih,11,Microwave,kecil,1,0.3609
1518,latih,11,Microwave,kecil,1,0.283
1519,latih,11,Microwave,kecil,1,0.3133
1520,latih,11,Microwave,kecil,1,0.3983
1521,latih,11,Microwave,kecil,1,0.2803
1522,latih,11,Microwave,kecil,1,0.3593
1523,latih,11,Microwave,kecil,1,0.3072
1524,latih,11,Microwave,kecil,1,0.2966
1525,latih,11,Microwave,kecil,1,0.4688
1526,latih,11,Microwave,kecil,1,0.2859
1527,latih,11,Microwave,kecil,1,0.456
1528,latih,11,Microwave,kecil,1,0.2549
1529,latih,11,Microwave,kecil,1,0.2866
1530,latih,11,Microwave,kecil,1,0.7426
1531,latih,11,Microwave,kecil,1,0.3034
1532,latih,11,Microwave,kecil,1,0.2919
1533,latih,11,Microwave,kecil,1,0.3263
1534,latih,11,Microwave,kecil,1,0.2565
1535,latih,11,Microwave,kecil,1,0.5692
1536,latih,11,Microwave,kecil,1,0.566
1537,latih,11,Microwave,kecil,1,0.3202
1538,latih,11,Microwave,kecil,1,0.2914
1539,latih,11,Microwave,kecil,1,0.5819
1540,latih,11,Microwave,kecil,1,0.6362
1541,latih,11,Microwave,kecil,1,0.3218
1542,latih,11,Microwave,kecil,1,0.3971
1543,latih,11,Microwave,kecil,1,0.2671
1544,latih,11,Microwave,kecil,1,0.2909
1545,latih,11,Microwave,kecil,1,0.2598
1546,latih,11,Microwave,kecil,1,0.3184
1547,latih,11,Microwave,kecil,1,0.3353
1548,latih,11,Microwave,kecil,1,0.2887
1549,latih,11,Microwave,kecil,1,0.3207
1550,latih,11,Microwave,kecil,1,0.4473
1551,latih,11,Microwave,kecil,1,0.4668
1552,latih,11,Microwave,kecil,1,0.3111
1553,latih,11,Microwave,kecil,1,0.406
1554,latih,11,Microwave,kecil,1,0.3362
1555,latih,11,Microwave,kecil,1,0.8457
1556,latih,11,Microwave,kecil,1,0.3807
1557,latih,11,Microwave,kecil,1,0.3139
1558,latih,11,Microwave,kecil,1,0.6347
1559,latih,11,Microwave,kecil,1,0.371
1560,latih,11,Microwave,kecil,1,0.432
1561,latih,11,Microwave,kecil,1,0.4629
1562,latih,11,Microwave,kecil,1,0.3518
1563,latih,11,Microwave,kecil,1,0.3092
1564,latih,11,Microwave,kecil,1,0.3671
1565,latih,11,Microwave,kecil,1,0.7413
1566,latih,11,Microwave,kecil,1,0.451
1567,latih,11,Microwave,kecil,1,0.5634
1568,latih,11,Microwave,kecil,1,0.2522
1569,latih,11,Microwave,kecil,1,0.4495
1570,latih,11,Microwave,kecil,1,0.393
1571,latih,11,Microwave,kecil,1,0.282
1572,latih,11,Microwave,kecil,1,0.2608
1573,latih,11,Microwave,kecil,1,0.4532
1574,latih,11,Microwave,kecil,1,0.4155
1575,latih,11,Microwave,kecil,1,0.8358
1576,latih,11,Microwave,kecil,1,0.4231
1577,latih,11,Microwave,kecil,1,0.373
1578,latih,11,Microwave,kecil,1,0.514
1579,latih,11,Microwave,kecil,1,0.4776
1580,latih,11,Microwave,kecil,1,0.3494
1581,latih,11,Microwave,kecil,1,0.3116
1582,latih,11,Microwave,kecil,1,0.5051
1583,latih,11,Microwave,kecil,1,0.5062
1584,latih,11,Microwave,kecil,1,0.3512
1585,latih,11,Microwave,kecil,1,0.3275
1586,latih,11,Microwave,kecil,1,0.2904
1587,latih,11,Microwave,kecil,1,0.4084
1588,latih,11,Microwave,kecil,1,0.8162
1589,latih,11,Microwave,kecil,1,0.3316
1590,latih,11,Microwave,kecil,1,0.3656
1591,latih,11,Microwave,kecil,1,0.4377
1592,latih,11,Microwave,kecil,1,0.408
1593,latih,11,Microwave,kecil,1,0.3453
1594,latih,11,Microwave,kecil,1,0.3575
1595,latih,11,Microwave,kecil,1,0.4415
1596,latih,11,Microwave,kecil,1,0.827
1597,latih,11,Microwave,kecil,1,0.3037
1598,latih,11,Microwave,kecil,1,0.6794
1599,latih,11,Microwave,kecil,1,0.5826
1600,latih,11,Microwave,kecil,1,0.382
1601,latih,11,Microwave,kecil,1,0.3943
1602,latih,11,Microwave,kecil,1,0.5403
1603,latih,11,Microwave,kecil,1,0.3892
1604,latih,11,Microwave,kecil,1,0.4332
1605,latih,11,Microwave,kecil,1,0.9664
1606,latih,11,Microwave,kecil,1,0.6473
1607,latih,11,Microwave,kecil,1,0.3927
1608,latih,11,Microwave,kecil,1,0.304
1609,latih,11,Microwave,kecil,1,0.3218
1610,latih,11,Microwave,kecil,1,0.2793
1611,latih,11,Microwave,kecil,1,0.3457
1612,latih,11,Microwave,kecil,1,0.4609
1613,latih,11,Microwave,kecil,1,0.9095
1614,latih,5,Pemutar CD/radio,kecil,0,1.039
1615,latih,11,Microwave,kecil,1,0.5414
1616,latih,11,Microwave,kecil,1,0.3137
1617,latih,11,Microwave,kecil,1,0.2803
1618,latih,11,Microwave,kecil,1,0.4042
1619,latih,11,Microwave,kecil,1,0.4196
1620,latih,11,Microwave,kecil,1,0.2944
1621,latih,11,Microwave,kecil,1,0.4979
1622,latih,11,Microwave,kecil,1,0.3723
1623,latih,11,Microwave,kecil,1,0.6591
1624,latih,11,Microwave,kecil,1,0.3186
1625,latih,11,Microwave,kecil,1,0.4086
1626,latih,11,Microwave,kecil,1,0.5731
1627,latih,11,Microwave,kecil,1,0.3498
1628,latih,11,Microwave,kecil,1,0.326
1629,latih,11,Microwave,kecil,1,0.2674
1630,latih,11,Microwave,kecil,1,0.2471
1631,latih,11,Microwave,kecil,1,0.32
1632,latih,11,Microwave,kecil,1,0.2828
1633,latih,11,Microwave,kecil,1,0.3436
1634,latih,11,Microwave,kecil,1,0.368
1635,latih,11,Microwave,kecil,1,0.2533
1636,latih,11,Microwave,kecil,1,0.2917
1637,latih,11,Microwave,kecil,1,0.4789
1638,latih,11,Microwave,kecil,1,0.6677
1639,latih,11,Microwave,kecil,1,0.3109
1640,latih,11,Microwave,kecil,1,0.4069
1641,latih,11,Microwave,kecil,1,0.2886
1642,latih,11,Microwave,kecil,1,0.255
1643,latih,11,Microwave,kecil,1,0.3972
1644,latih,11,Microwave,kecil,1,0.3157
1645,latih,11,Microwave,kecil,1,0.3122
1646,latih,11,Microwave,kecil,1,0.2688
1647,latih,11,Microwave,kecil,1,0.222
1648,latih,11,Microwave,kecil,1,0.2446
1649,latih,11,Microwave,kecil,1,0.4099
1650,latih,11,Microwave,kecil,1,0.3432
1651,latih,11,Microwave,kecil,1,0.3648
1652,latih,11,Microwave,kecil,1,0.9076
1653,latih,11,Microwave,kecil,1,0.2622
1654,latih,11,Microwave,kecil,1,0.4566
1655,latih,11,Microwave,kecil,1,0.274
1656,latih,11,Microwave,kecil,1,0.2671
1657,latih,11,Microwave,kecil,1,0.32
1658,latih,11,Microwave,kecil,1,0.3094
1659,latih,11,Microwave,kecil,1,0.3203
1660,latih,0,Aki (baterai timbal-asam),baterai,0,0.8962
1661,latih,11,Microwave,kecil,1,0.4852
1662,latih,11,Microwave,kecil,1,0.5604
1663,latih,11,Microwave,kecil,1,0.2775
1664,latih,5,Pemutar CD/radio,kecil,1,0.6935
1665,latih,11,Microwave,kecil,1,0.9218
1666,latih,11,Microwave,kecil,1,0.5463
1667,latih,14,Ponsel,ti,1,0.577
1668,latih,14,Ponsel,ti,1,0.4769
1669,latih,14,Ponsel,ti,1,0.5052
1670,latih,14,Ponsel,ti,1,0.3674
1671,latih,14,Ponsel,ti,1,0.3819
1672,latih,14,Ponsel,ti,1,0.4808
1673,latih,14,Ponsel,ti,1,0.4463
1674,latih,14,Ponsel,ti,1,0.5504
1675,latih,14,Ponsel,ti,1,0.4829
1676,latih,14,Ponsel,ti,1,0.443
1677,latih,14,Ponsel,ti,1,0.4923
1678,latih,14,Ponsel,ti,1,0.4925
1679,latih,14,Ponsel,ti,1,0.4757
1680,latih,14,Ponsel,ti,1,0.3682
1681,latih,14,Ponsel,ti,1,0.4658
1682,latih,14,Ponsel,ti,1,0.3701
1683,latih,14,Ponsel,ti,1,0.3509
1684,latih,14,Ponsel,ti,1,0.4338
1685,latih,14,Ponsel,ti,1,0.7364
1686,latih,14,Ponsel,ti,1,0.4479
1687,latih,14,Ponsel,ti,1,0.4191
1688,latih,14,Ponsel,ti,1,0.4664
1689,latih,14,Ponsel,ti,1,0.3719
1690,latih,14,Ponsel,ti,1,0.4485
1691,latih,14,Ponsel,ti,1,0.3826
1692,latih,14,Ponsel,ti,1,0.4537
1693,latih,15,PCB dan tumpukan campuran,komponen,0,0.9421
1694,latih,14,Ponsel,ti,1,0.4205
1695,latih,14,Ponsel,ti,1,0.9808
1696,latih,14,Ponsel,ti,1,0.4081
1697,latih,14,Ponsel,ti,1,0.4253
1698,latih,14,Ponsel,ti,1,0.5534
1699,latih,14,Ponsel,ti,1,0.405
1700,latih,14,Ponsel,ti,1,0.5085
1701,latih,14,Ponsel,ti,1,0.4551
1702,latih,14,Ponsel,ti,1,0.395
1703,latih,14,Ponsel,ti,1,0.717
1704,latih,14,Ponsel,ti,1,0.669
1705,latih,14,Ponsel,ti,1,0.5061
1706,latih,14,Ponsel,ti,1,0.5305
1707,latih,14,Ponsel,ti,1,0.4655
1708,latih,14,Ponsel,ti,1,0.5033
1709,latih,14,Ponsel,ti,1,0.4867
1710,latih,14,Ponsel,ti,1,0.5089
1711,latih,14,Ponsel,ti,1,0.563
1712,latih,14,Ponsel,ti,1,0.4562
1713,latih,14,Ponsel,ti,1,0.3646
1714,latih,14,Ponsel,ti,1,0.4097
1715,latih,14,Ponsel,ti,1,0.7091
1716,latih,14,Ponsel,ti,1,0.4377
1717,latih,14,Ponsel,ti,1,0.4308
1718,latih,14,Ponsel,ti,1,0.4295
1719,latih,14,Ponsel,ti,1,0.3633
1720,latih,14,Ponsel,ti,1,0.4338
1721,latih,14,Ponsel,ti,1,0.2427
1722,latih,14,Ponsel,ti,1,0.2851
1723,latih,14,Ponsel,ti,1,0.3506
1724,latih,14,Ponsel,ti,1,0.4967
1725,latih,14,Ponsel,ti,1,0.5203
1726,latih,14,Ponsel,ti,1,0.3436
1727,latih,14,Ponsel,ti,1,0.45
1728,latih,14,Ponsel,ti,1,0.5242
1729,latih,14,Ponsel,ti,1,0.4168
1730,latih,14,Ponsel,ti,1,0.3291
1731,latih,14,Ponsel,ti,1,0.4194
1732,latih,14,Ponsel,ti,1,0.5025
1733,latih,14,Ponsel,ti,1,0.4312
1734,latih,14,Ponsel,ti,1,0.8434
1735,latih,14,Ponsel,ti,1,0.4728
1736,latih,14,Ponsel,ti,1,0.5144
1737,latih,14,Ponsel,ti,1,0.4849
1738,latih,14,Ponsel,ti,1,0.4415
1739,latih,14,Ponsel,ti,1,0.4057
1740,latih,14,Ponsel,ti,1,0.425
1741,latih,14,Ponsel,ti,1,0.4059
1742,latih,14,Ponsel,ti,1,0.4098
1743,latih,14,Ponsel,ti,1,0.3685
1744,latih,14,Ponsel,ti,1,0.5026
1745,latih,14,Ponsel,ti,1,0.4161
1746,latih,14,Ponsel,ti,1,0.5739
1747,latih,14,Ponsel,ti,1,0.5344
1748,latih,14,Ponsel,ti,1,0.4817
1749,latih,14,Ponsel,ti,0,0.9565
1750,latih,14,Ponsel,ti,1,0.5354
1751,latih,14,Ponsel,ti,1,0.55
1752,latih,14,Ponsel,ti,1,0.4717
1753,latih,14,Ponsel,ti,1,0.3527
1754,latih,14,Ponsel,ti,1,0.3756
1755,latih,14,Ponsel,ti,1,0.419
1756,latih,14,Ponsel,ti,1,0.4088
1757,latih,14,Ponsel,ti,1,0.7439
1758,latih,14,Ponsel,ti,1,0.56
1759,latih,14,Ponsel,ti,1,0.7867
1760,latih,14,Ponsel,ti,1,0.5063
1761,latih,14,Ponsel,ti,1,0.6387
1762,latih,14,Ponsel,ti,1,0.5234
1763,latih,14,Ponsel,ti,1,0.7733
1764,latih,14,Ponsel,ti,1,0.2992
1765,latih,14,Ponsel,ti,1,0.4703
1766,latih,14,Ponsel,ti,1,0.3645
1767,latih,14,Ponsel,ti,1,0.3615
1768,latih,14,Ponsel,ti,1,0.3894
1769,latih,14,Ponsel,ti,1,0.509
1770,latih,14,Ponsel,ti,1,0.5159
1771,latih,14,Ponsel,ti,1,0.3682
1772,latih,14,Ponsel,ti,1,0.4186
1773,latih,14,Ponsel,ti,1,0.4347
1774,latih,14,Ponsel,ti,1,0.4394
1775,latih,14,Ponsel,ti,1,0.491
1776,latih,14,Ponsel,ti,1,0.4405
1777,latih,14,Ponsel,ti,1,0.485
1778,latih,14,Ponsel,ti,1,0.3922
1779,latih,14,Ponsel,ti,1,0.3945
1780,latih,14,Ponsel,ti,1,0.4387
1781,latih,14,Ponsel,ti,1,0.4165
1782,latih,14,Ponsel,ti,1,0.4387
1783,latih,14,Ponsel,ti,1,0.4595
1784,latih,14,Ponsel,ti,1,0.3725
1785,latih,14,Ponsel,ti,1,0.4104
1786,latih,14,Ponsel,ti,1,0.5122
1787,latih,14,Ponsel,ti,1,0.457
1788,latih,14,Ponsel,ti,1,0.4692
1789,latih,14,Ponsel,ti,1,0.4378
1790,latih,14,Ponsel,ti,1,0.4435
1791,latih,14,Ponsel,ti,1,0.4345
1792,latih,14,Ponsel,ti,1,0.3683
1793,latih,14,Ponsel,ti,1,0.4419
1794,latih,14,Ponsel,ti,1,0.493
1795,latih,14,Ponsel,ti,1,0.3516
1796,latih,14,Ponsel,ti,1,0.3148
1797,latih,14,Ponsel,ti,1,0.5072
1798,latih,14,Ponsel,ti,1,0.4197
1799,latih,14,Ponsel,ti,1,0.3556
1800,latih,14,Ponsel,ti,1,0.3492
1801,latih,14,Ponsel,ti,1,0.5061
1802,latih,14,Ponsel,ti,1,0.6689
1803,latih,14,Ponsel,ti,1,0.4006
1804,latih,14,Ponsel,ti,1,0.3481
1805,latih,14,Ponsel,ti,1,0.6399
1806,latih,14,Ponsel,ti,1,0.5757
1807,latih,14,Ponsel,ti,1,0.4093
1808,latih,14,Ponsel,ti,1,0.7013
1809,latih,14,Ponsel,ti,1,0.9641
1810,latih,14,Ponsel,ti,1,0.5352
1811,latih,14,Ponsel,ti,1,0.5109
1812,latih,13,Mouse,ti,1,0.3447
1813,latih,13,Mouse,ti,1,0.4704
1814,latih,13,Mouse,ti,1,0.5177
1815,latih,13,Mouse,ti,1,0.3875
1816,latih,13,Mouse,ti,1,0.3122
1817,latih,13,Mouse,ti,1,0.3785
1818,latih,13,Mouse,ti,1,0.369
1819,latih,13,Mouse,ti,0,0.9481
1820,latih,13,Mouse,ti,1,0.3322
1821,latih,13,Mouse,ti,1,0.288
1822,latih,13,Mouse,ti,1,0.3586
1823,latih,13,Mouse,ti,1,0.4277
1824,latih,13,Mouse,ti,1,0.356
1825,latih,13,Mouse,ti,1,0.3258
1826,latih,13,Mouse,ti,1,0.581
1827,latih,13,Mouse,ti,1,0.4779
1828,latih,13,Mouse,ti,1,0.4142
1829,latih,13,Mouse,ti,1,0.4939
1830,latih,13,Mouse,ti,1,0.485
1831,latih,13,Mouse,ti,1,0.3311
1832,latih,13,Mouse,ti,1,0.4111
1833,latih,13,Mouse,ti,1,0.4971
1834,latih,13,Mouse,ti,1,0.3688
1835,latih,13,Mouse,ti,1,0.3414
1836,latih,13,Mouse,ti,1,0.3427
1837,latih,13,Mouse,ti,1,0.3766
1838,latih,13,Mouse,ti,1,0.3468
1839,latih,13,Mouse,ti,1,0.3075
1840,latih,13,Mouse,ti,1,0.5147
1841,latih,13,Mouse,ti,1,0.5208
1842,latih,13,Mouse,ti,1,0.3539
1843,latih,13,Mouse,ti,1,0.2996
1844,latih,13,Mouse,ti,1,0.5988
1845,latih,13,Mouse,ti,1,0.3716
1846,latih,13,Mouse,ti,1,0.3606
1847,latih,13,Mouse,ti,1,0.4887
1848,latih,13,Mouse,ti,1,0.3146
1849,latih,13,Mouse,ti,1,0.8667
1850,latih,13,Mouse,ti,1,0.4025
1851,latih,13,Mouse,ti,1,0.4128
1852,latih,13,Mouse,ti,1,0.4155
1853,latih,13,Mouse,ti,1,0.7265
1854,latih,13,Mouse,ti,1,0.4113
1855,latih,13,Mouse,ti,1,0.3855
1856,latih,13,Mouse,ti,1,0.3967
1857,latih,13,Mouse,ti,1,0.4541
1858,latih,13,Mouse,ti,1,0.4882
1859,latih,13,Mouse,ti,1,0.5693
1860,latih,13,Mouse,ti,1,0.3555
1861,latih,4,Baterai ponsel/kamera,baterai,0,1.0548
1862,latih,13,Mouse,ti,1,0.2856
1863,latih,13,Mouse,ti,1,0.6163
1864,latih,13,Mouse,ti,1,0.3527
1865,latih,13,Mouse,ti,1,0.5859
1866,latih,13,Mouse,ti,1,0.3162
1867,latih,13,Mouse,ti,1,0.3676
1868,latih,13,Mouse,ti,1,0.3538
1869,latih,13,Mouse,ti,1,0.5383
1870,latih,13,Mouse,ti,1,0.438
1871,latih,13,Mouse,ti,1,0.59
1872,latih,13,Mouse,ti,1,0.4239
1873,latih,13,Mouse,ti,1,0.5557
1874,latih,13,Mouse,ti,1,0.2417
1875,latih,13,Mouse,ti,1,0.6064
1876,latih,13,Mouse,ti,1,0.7184
1877,latih,13,Mouse,ti,1,0.5439
1878,latih,13,Mouse,ti,1,0.4225
1879,latih,13,Mouse,ti,1,0.4564
1880,latih,13,Mouse,ti,1,0.3056
1881,latih,13,Mouse,ti,1,0.6371
1882,latih,13,Mouse,ti,1,0.6366
1883,latih,13,Mouse,ti,1,0.4937
1884,latih,13,Mouse,ti,1,0.4094
1885,latih,13,Mouse,ti,1,0.4229
1886,latih,13,Mouse,ti,1,0.2828
1887,latih,13,Mouse,ti,0,0.9488
1888,latih,13,Mouse,ti,1,0.7101
1889,latih,13,Mouse,ti,1,0.3319
1890,latih,13,Mouse,ti,1,0.3646
1891,latih,13,Mouse,ti,1,0.4123
1892,latih,13,Mouse,ti,1,0.4284
1893,latih,13,Mouse,ti,1,0.4865
1894,latih,13,Mouse,ti,1,0.2952
1895,latih,13,Mouse,ti,1,0.8766
1896,latih,13,Mouse,ti,1,0.5219
1897,latih,13,Mouse,ti,1,0.4909
1898,latih,13,Mouse,ti,1,0.393
1899,latih,13,Mouse,ti,1,0.3514
1900,latih,13,Mouse,ti,1,0.4073
1901,latih,13,Mouse,ti,1,0.4666
1902,latih,13,Mouse,ti,1,0.4352
1903,latih,13,Mouse,ti,1,0.3852
1904,latih,13,Mouse,ti,1,0.3956
1905,latih,13,Mouse,ti,1,0.3286
1906,latih,13,Mouse,ti,1,0.4787
1907,latih,13,Mouse,ti,1,0.3791
1908,latih,13,Mouse,ti,1,0.4494
1909,latih,13,Mouse,ti,1,0.5148
1910,latih,13,Mouse,ti,1,0.6012
1911,latih,13,Mouse,ti,1,0.3086
1912,latih,13,Mouse,ti,1,0.3214
1913,latih,13,Mouse,ti,1,0.2793
1914,latih,13,Mouse,ti,1,0.4833
1915,latih,13,Mouse,ti,1,0.4377
1916,latih,13,Mouse,ti,1,0.503
1917,latih,13,Mouse,ti,1,0.1916
1918,latih,13,Mouse,ti,1,0.3302
1919,latih,13,Mouse,ti,1,0.3889
1920,latih,13,Mouse,ti,1,0.5491
1921,latih,13,Mouse,ti,1,0.2829
1922,latih,13,Mouse,ti,1,0.3875
1923,latih,13,Mouse,ti,1,0.4359
1924,latih,13,Mouse,ti,1,0.4699
1925,latih,13,Mouse,ti,1,0.3524
1926,latih,13,Mouse,ti,1,0.4441
1927,latih,13,Mouse,ti,1,0.3665
1928,latih,13,Mouse,ti,1,0.335
1929,latih,13,Mouse,ti,1,0.4558
1930,latih,13,Mouse,ti,1,0.4187
1931,latih,13,Mouse,ti,1,0.4348
1932,latih,13,Mouse,ti,1,0.3979
1933,latih,13,Mouse,ti,1,0.387
1934,latih,13,Mouse,ti,1,0.5129
1935,latih,13,Mouse,ti,1,0.371
1936,latih,13,Mouse,ti,1,0.3775
1937,latih,13,Mouse,ti,1,0.4343
1938,latih,13,Mouse,ti,1,0.3691
1939,latih,13,Mouse,ti,1,0.3786
1940,latih,13,Mouse,ti,1,0.4967
1941,latih,13,Mouse,ti,1,0.2957
1942,latih,13,Mouse,ti,1,0.437
1943,latih,13,Mouse,ti,1,0.4361
1944,latih,13,Mouse,ti,1,0.3851
1945,latih,13,Mouse,ti,1,0.5507
1946,latih,13,Mouse,ti,1,0.3858
1947,latih,13,Mouse,ti,1,0.3886
1948,latih,13,Mouse,ti,1,0.4252
1949,latih,13,Mouse,ti,1,0.5424
1950,latih,13,Mouse,ti,1,0.477
1951,latih,13,Mouse,ti,1,0.3771
1952,latih,13,Mouse,ti,1,0.3899
1953,latih,13,Mouse,ti,1,0.402
1954,latih,13,Mouse,ti,1,0.3592
1955,latih,13,Mouse,ti,1,0.4376
1956,latih,13,Mouse,ti,1,0.4419
1957,latih,13,Mouse,ti,1,0.2981
1958,latih,13,Mouse,ti,1,0.3762
1959,latih,13,Mouse,ti,1,0.4331
1960,latih,13,Mouse,ti,1,0.3962
1961,latih,13,Mouse,ti,1,0.3787
1962,latih,13,Mouse,ti,1,0.541
1963,latih,13,Mouse,ti,1,0.4417
1964,latih,13,Mouse,ti,1,0.4117
1965,latih,13,Mouse,ti,1,0.3211
1966,latih,13,Mouse,ti,1,0.4078
1967,latih,13,Mouse,ti,1,0.4227
1968,latih,13,Mouse,ti,1,0.3703
1969,latih,13,Mouse,ti,1,0.4434
1970,latih,13,Mouse,ti,1,0.4333
1971,latih,13,Mouse,ti,1,0.2801
1972,latih,13,Mouse,ti,1,0.4495
1973,latih,13,Mouse,ti,1,0.3794
1974,latih,13,Mouse,ti,1,0.4233
1975,latih,13,Mouse,ti,1,0.5277
1976,latih,13,Mouse,ti,1,0.2778
1977,latih,13,Mouse,ti,1,0.3409
1978,latih,13,Mouse,ti,1,0.3948
1979,latih,13,Mouse,ti,1,0.497
1980,latih,13,Mouse,ti,1,0.4555
1981,latih,13,Mouse,ti,1,0.3216
1982,latih,13,Mouse,ti,1,0.4492
1983,latih,13,Mouse,ti,1,0.5371
1984,latih,13,Mouse,ti,1,0.3227
1985,latih,13,Mouse,ti,1,0.5718
1986,latih,13,Mouse,ti,1,0.6586
1987,latih,13,Mouse,ti,1,0.3757
1988,latih,13,Mouse,ti,1,0.4838
1989,latih,13,Mouse,ti,1,0.3424
1990,latih,13,Mouse,ti,1,0.4824
1991,latih,13,Mouse,ti,1,0.4737
1992,latih,13,Mouse,ti,1,0.3688
1993,latih,13,Mouse,ti,1,0.4013
1994,latih,13,Mouse,ti,1,0.4562
1995,latih,13,Mouse,ti,1,0.2831
1996,latih,13,Mouse,ti,1,0.3069
1997,latih,13,Mouse,ti,1,0.5512
1998,latih,13,Mouse,ti,1,0.5134
1999,latih,13,Mouse,ti,1,0.3249
2000,latih,13,Mouse,ti,1,0.4023
2001,latih,13,Mouse,ti,1,0.3445
2002,latih,13,Mouse,ti,1,0.3296
2003,latih,13,Mouse,ti,1,0.2752
2004,latih,13,Mouse,ti,1,0.3196
2005,latih,13,Mouse,ti,1,0.3722
2006,latih,13,Mouse,ti,1,0.5635
2007,latih,13,Mouse,ti,1,0.4467
2008,latih,13,Mouse,ti,1,0.4685
2009,latih,13,Mouse,ti,1,0.4361
2010,latih,13,Mouse,ti,1,0.3501
2011,latih,13,Mouse,ti,1,0.4868
2012,latih,5,Pemutar CD/radio,kecil,1,0.4391
2013,latih,5,Pemutar CD/radio,kecil,1,0.5632
2014,latih,5,Pemutar CD/radio,kecil,1,0.558
2015,latih,5,Pemutar CD/radio,kecil,1,0.8158
2016,latih,2,Turntable,kecil,0,0.6569
2017,latih,2,Turntable,kecil,0,0.2816
2018,latih,5,Pemutar CD/radio,kecil,1,0.7578
2019,latih,2,Turntable,kecil,0,0.5578
2020,latih,5,Pemutar CD/radio,kecil,1,0.5833
2021,latih,5,Pemutar CD/radio,kecil,1,0.5647
2022,latih,2,Turntable,kecil,0,0.4177
2023,latih,5,Pemutar CD/radio,kecil,1,0.5659
2024,latih,5,Pemutar CD/radio,kecil,1,0.4601
2025,latih,5,Pemutar CD/radio,kecil,1,0.6875
2026,latih,2,Turntable,kecil,0,0.3562
2027,latih,2,Turntable,kecil,0,0.4108
2028,latih,2,Turntable,kecil,0,0.2228
2029,latih,5,Pemutar CD/radio,kecil,1,0.7506
2030,latih,5,Pemutar CD/radio,kecil,1,0.7359
2031,latih,5,Pemutar CD/radio,kecil,1,0.508
2032,latih,2,Turntable,kecil,0,0.4634
2033,latih,5,Pemutar CD/radio,kecil,1,0.7683
2034,latih,5,Pemutar CD/radio,kecil,1,0.5645
2035,latih,5,Pemutar CD/radio,kecil,1,0.5228
2036,latih,2,Turntable,kecil,0,0.2879
2037,latih,2,Turntable,kecil,0,0.2193
2038,latih,2,Turntable,kecil,0,0.3069
2039,latih,2,Turntable,kecil,0,0.3318
2040,latih,2,Turntable,kecil,0,0.3149
2041,latih,2,Turntable,kecil,0,0.2692
2042,latih,2,Turntable,kecil,0,0.2475
2043,latih,2,Turntable,kecil,0,0.2403
2044,latih,5,Pemutar CD/radio,kecil,1,0.5556
2045,latih,5,Pemutar CD/radio,kecil,1,0.4808
2046,latih,2,Turntable,kecil,0,0.3212
2047,latih,2,Turntable,kecil,0,0.3497
2048,latih,2,Turntable,kecil,0,0.397
2049,latih,2,Turntable,kecil,0,0.3814
2050,latih,2,Turntable,kecil,0,0.2026
2051,latih,2,Turntable,kecil,0,0.2714
2052,latih,2,Turntable,kecil,0,0.2081
2053,latih,2,Turntable,kecil,0,0.205
2054,latih,2,Turntable,kecil,0,0.2683
2055,latih,5,Pemutar CD/radio,kecil,1,0.7242
2056,latih,2,Turntable,kecil,0,0.1774
2057,latih,5,Pemutar CD/radio,kecil,1,0.5756
2058,latih,2,Turntable,kecil,0,0.6052
2059,latih,2,Turntable,kecil,0,0.2494
2060,latih,2,Turntable,kecil,0,0.199
2061,latih,2,Turntable,kecil,0,0.1836
2062,latih,2,Turntable,kecil,0,0.2667
2063,latih,2,Turntable,kecil,0,0.3472
2064,latih,2,Turntable,kecil,0,0.3632
2065,latih,5,Pemutar CD/radio,kecil,1,0.4851
2066,latih,2,Turntable,kecil,0,0.2252
2067,latih,2,Turntable,kecil,0,0.2482
2068,latih,5,Pemutar CD/radio,kecil,1,0.5094
2069,latih,2,Turntable,kecil,0,0.2634
2070,latih,2,Turntable,kecil,0,0.9007
2071,latih,2,Turntable,kecil,0,0.5378
2072,latih,2,Turntable,kecil,0,0.4149
2073,latih,2,Turntable,kecil,0,0.3765
2074,latih,2,Turntable,kecil,0,0.4635
2075,latih,2,Turntable,kecil,0,0.3525
2076,latih,5,Pemutar CD/radio,kecil,1,0.7955
2077,latih,2,Turntable,kecil,0,0.3588
2078,latih,2,Turntable,kecil,0,0.3193
2079,latih,2,Turntable,kecil,0,0.2568
2080,latih,5,Pemutar CD/radio,kecil,1,0.8082
2081,latih,3,TV/monitor CRT,layar,1,0.6112
2082,latih,2,Turntable,kecil,0,0.5765
2083,latih,2,Turntable,kecil,0,0.3091
2084,latih,2,Turntable,kecil,0,0.3022
2085,latih,2,Turntable,kecil,0,0.2622
2086,latih,5,Pemutar CD/radio,kecil,1,0.9343
2087,latih,2,Turntable,kecil,0,0.2547
2088,latih,2,Turntable,kecil,0,0.319
2089,latih,2,Turntable,kecil,0,0.1832
2090,latih,2,Turntable,kecil,0,0.2289
2091,latih,5,Pemutar CD/radio,kecil,1,0.5246
2092,latih,2,Turntable,kecil,0,0.3649
2093,latih,2,Turntable,kecil,0,0.1976
2094,latih,2,Turntable,kecil,0,0.265
2095,latih,5,Pemutar CD/radio,kecil,1,0.6878
2096,latih,2,Turntable,kecil,0,0.2845
2097,latih,2,Turntable,kecil,0,0.21
2098,latih,2,Turntable,kecil,0,0.545
2099,latih,2,Turntable,kecil,0,0.5481
2100,latih,2,Turntable,kecil,0,0.3484
2101,latih,5,Pemutar CD/radio,kecil,1,0.6132
2102,latih,2,Turntable,kecil,0,0.2542
2103,latih,2,Turntable,kecil,0,0.2954
2104,latih,2,Turntable,kecil,0,0.3816
2105,latih,2,Turntable,kecil,0,0.2301
2106,latih,5,Pemutar CD/radio,kecil,1,0.5976
2107,latih,2,Turntable,kecil,0,0.2807
2108,latih,2,Turntable,kecil,0,0.4192
2109,latih,2,Turntable,kecil,0,0.3268
2110,latih,2,Turntable,kecil,0,0.3812
2111,latih,2,Turntable,kecil,0,0.1926
2112,latih,2,Turntable,kecil,0,0.5194
2113,latih,5,Pemutar CD/radio,kecil,1,0.5503
2114,latih,2,Turntable,kecil,0,0.3374
2115,latih,2,Turntable,kecil,0,0.4296
2116,latih,5,Pemutar CD/radio,kecil,1,0.4512
2117,latih,2,Turntable,kecil,0,0.4833
2118,latih,2,Turntable,kecil,0,0.2476
2119,latih,2,Turntable,kecil,0,0.3758
2120,latih,2,Turntable,kecil,0,0.3759
2121,latih,2,Turntable,kecil,0,0.3131
2122,latih,5,Pemutar CD/radio,kecil,1,0.5994
2123,latih,2,Turntable,kecil,0,0.3014
2124,latih,2,Turntable,kecil,0,0.2324
2125,latih,5,Pemutar CD/radio,kecil,1,0.5268
2126,latih,2,Turntable,kecil,0,0.2776
2127,latih,2,Turntable,kecil,0,0.3012
2128,latih,2,Turntable,kecil,0,0.3869
2129,latih,2,Turntable,kecil,0,0.3394
2130,latih,2,Turntable,kecil,0,0.1957
2131,latih,5,Pemutar CD/radio,kecil,1,0.9962
2132,latih,5,Pemutar CD/radio,kecil,1,0.5268
2133,latih,5,Pemutar CD/radio,kecil,1,0.3677
2134,latih,5,Pemutar CD/radio,kecil,1,0.5295
2135,latih,5,Pemutar CD/radio,kecil,1,0.7821
2136,latih,5,Pemutar CD/radio,kecil,1,0.5743
2137,latih,5,Pemutar CD/radio,kecil,1,0.854
2138,latih,5,Pemutar CD/radio,kecil,1,0.5831
2139,latih,5,Pemutar CD/radio,kecil,1,0.5624
2140,latih,5,Pemutar CD/radio,kecil,1,0.5519
2141,latih,5,Pemutar CD/radio,kecil,1,0.7905
2142,latih,5,Pemutar CD/radio,kecil,1,0.5542
2143,latih,5,Pemutar CD/radio,kecil,1,0.556
2144,latih,5,Pemutar CD/radio,kecil,1,0.5655
2145,latih,5,Pemutar CD/radio,kecil,1,0.8833
2146,latih,5,Pemutar CD/radio,kecil,1,0.529
2147,latih,7,TV/monitor layar datar,layar,0,0.9074
2148,latih,5,Pemutar CD/radio,kecil,1,0.6518
2149,latih,5,Pemutar CD/radio,kecil,1,0.5673
2150,latih,5,Pemutar CD/radio,kecil,1,0.7049
2151,latih,5,Pemutar CD/radio,kecil,1,0.5554
2152,latih,5,Pemutar CD/radio,kecil,1,0.468
2153,latih,5,Pemutar CD/radio,kecil,1,0.5357
2154,latih,5,Pemutar CD/radio,kecil,1,0.838
2155,latih,5,Pemutar CD/radio,kecil,1,0.5496
2156,latih,5,Pemutar CD/radio,kecil,1,0.4682
2157,latih,5,Pemutar CD/radio,kecil,1,0.5956
2158,latih,5,Pemutar CD/radio,kecil,1,0.5949
2159,latih,5,Pemutar CD/radio,kecil,1,0.6101
2160,latih,5,Pemutar CD/radio,kecil,1,0.7336
2161,latih,5,Pemutar CD/radio,kecil,1,0.5262
2162,latih,5,Pemutar CD/radio,kecil,1,0.4347
2163,latih,5,Pemutar CD/radio,kecil,1,0.6539
2164,latih,5,Pemutar CD/radio,kecil,1,0.8071
2165,latih,5,Pemutar CD/radio,kecil,1,0.7609
2166,latih,5,Pemutar CD/radio,kecil,1,0.5208
2167,latih,5,Pemutar CD/radio,kecil,1,0.5408
2168,latih,5,Pemutar CD/radio,kecil,1,0.8575
2169,latih,5,Pemutar CD/radio,kecil,1,0.4862
2170,latih,5,Pemutar CD/radio,kecil,1,0.5739
2171,latih,2,Turntable,kecil,0,0.4508
2172,latih,5,Pemutar CD/radio,kecil,1,0.5718
2173,latih,5,Pemutar CD/radio,kecil,1,0.7561
2174,latih,5,Pemutar CD/radio,kecil,1,0.5616
2175,latih,5,Pemutar CD/radio,kecil,1,0.5584
2176,latih,5,Pemutar CD/radio,kecil,1,0.7342
2177,latih,5,Pemutar CD/radio,kecil,1,0.8581
2178,latih,5,Pemutar CD/radio,kecil,1,0.9415
2179,latih,5,Pemutar CD/radio,kecil,1,0.5006
2180,latih,2,Turntable,kecil,0,0.2532
2181,latih,5,Pemutar CD/radio,kecil,1,0.8837
2182,latih,5,Pemutar CD/radio,kecil,1,0.5525
2183,latih,5,Pemutar CD/radio,kecil,1,0.5935
2184,latih,5,Pemutar CD/radio,kecil,1,0.6341
2185,latih,5,Pemutar CD/radio,kecil,1,0.575
2186,latih,5,Pemutar CD/radio,kecil,1,0.8224
2187,latih,5,Pemutar CD/radio,kecil,1,0.5715
2188,latih,5,Pemutar CD/radio,kecil,1,0.5696
2189,latih,5,Pemutar CD/radio,kecil,1,0.5426
2190,latih,5,Pemutar CD/radio,kecil,1,0.6336
2191,latih,5,Pemutar CD/radio,kecil,1,0.5884
2192,latih,5,Pemutar CD/radio,kecil,1,0.7399
2193,latih,5,Pemutar CD/radio,kecil,1,0.4864
2194,latih,5,Pemutar CD/radio,kecil,1,0.4302
2195,latih,2,Turntable,kecil,0,0.2295
2196,latih,5,Pemutar CD/radio,kecil,1,0.5335
2197,latih,5,Pemutar CD/radio,kecil,1,0.9602
2198,latih,5,Pemutar CD/radio,kecil,1,0.6517
2199,latih,5,Pemutar CD/radio,kecil,1,0.5643
2200,latih,5,Pemutar CD/radio,kecil,0,0.868
2201,latih,2,Turntable,kecil,0,0.6184
2202,latih,5,Pemutar CD/radio,kecil,1,0.6324
2203,latih,5,Pemutar CD/radio,kecil,1,0.5674
2204,latih,5,Pemutar CD/radio,kecil,1,0.5365
2205,latih,2,Turntable,kecil,0,0.2899
2206,latih,5,Pemutar CD/radio,kecil,1,0.5377
2207,latih,5,Pemutar CD/radio,kecil,1,0.5399
2208,latih,5,Pemutar CD/radio,kecil,1,0.4995
2209,latih,5,Pemutar CD/radio,kecil,1,0.648
2210,latih,2,Turntable,kecil,0,0.4037
2211,latih,2,Turntable,kecil,0,0.5651
2212,latih,2,Turntable,kecil,0,0.4557
2213,latih,2,Turntable,kecil,0,0.2819
2214,latih,15,PCB dan tumpukan campuran,komponen,0,0.9464
2215,latih,2,Turntable,kecil,0,0.1982
2216,latih,2,Turntable,kecil,0,0.3339
2217,latih,2,Turntable,kecil,0,0.2638
2218,latih,5,Pemutar CD/radio,kecil,1,0.5529
2219,latih,5,Pemutar CD/radio,kecil,1,0.4899
2220,latih,5,Pemutar CD/radio,kecil,1,0.54
2221,latih,5,Pemutar CD/radio,kecil,1,0.6336
2222,latih,5,Pemutar CD/radio,kecil,1,0.5906
2223,latih,5,Pemutar CD/radio,kecil,1,0.5655
2224,latih,5,Pemutar CD/radio,kecil,1,0.5866
2225,latih,5,Pemutar CD/radio,kecil,1,0.5128
2226,latih,2,Turntable,kecil,0,0.2502
2227,latih,5,Pemutar CD/radio,kecil,1,0.5658
2228,latih,5,Pemutar CD/radio,kecil,1,0.638
2229,latih,5,Pemutar CD/radio,kecil,1,0.5593
2230,latih,5,Pemutar CD/radio,kecil,1,0.4375
2231,latih,5,Pemutar CD/radio,kecil,1,0.6711
2232,latih,5,Pemutar CD/radio,kecil,1,0.546
2233,latih,5,Pemutar CD/radio,kecil,1,0.566
2234,latih,2,Turntable,kecil,0,0.2728
2235,latih,5,Pemutar CD/radio,kecil,1,0.6956
2236,latih,5,Pemutar CD/radio,kecil,1,0.5061
2237,latih,5,Pemutar CD/radio,kecil,1,0.6108
2238,latih,5,Pemutar CD/radio,kecil,1,0.6734
2239,latih,5,Pemutar CD/radio,kecil,1,0.4521
2240,latih,5,Pemutar CD/radio,kecil,1,0.4856
2241,latih,5,Pemutar CD/radio,kecil,1,0.6141
2242,latih,5,Pemutar CD/radio,kecil,1,0.571
2243,latih,2,Turntable,kecil,0,0.2396
2244,latih,2,Turntable,kecil,0,0.2912
2245,latih,5,Pemutar CD/radio,kecil,1,0.6127
2246,latih,5,Pemutar CD/radio,kecil,1,0.5364
2247,latih,2,Turntable,kecil,0,0.6396
2248,latih,2,Turntable,kecil,0,0.223
2249,latih,5,Pemutar CD/radio,kecil,1,0.5645
2250,latih,2,Turntable,kecil,0,0.6609
2251,latih,12,Printer,ti,1,0.8251
2252,latih,12,Printer,ti,1,0.5784
2253,latih,12,Printer,ti,1,0.6365
2254,latih,12,Printer,ti,1,0.4353
2255,latih,12,Printer,ti,1,0.6685
2256,latih,12,Printer,ti,1,0.5411
2257,latih,12,Printer,ti,1,0.6236
2258,latih,12,Printer,ti,1,0.6999
2259,latih,12,Printer,ti,1,0.6819
2260,latih,12,Printer,ti,1,0.5707
2261,latih,12,Printer,ti,1,0.6701
2262,latih,12,Printer,ti,1,0.7035
2263,latih,12,Printer,ti,1,0.6813
2264,latih,12,Printer,ti,1,0.5075
2265,latih,12,Printer,ti,1,0.6664
2266,latih,12,Printer,ti,1,0.4715
2267,latih,12,Printer,ti,1,0.5206
2268,latih,12,Printer,ti,1,0.8221
2269,latih,12,Printer,ti,1,0.8388
2270,latih,12,Printer,ti,1,0.4488
2271,latih,12,Printer,ti,1,0.6606
2272,latih,12,Printer,ti,1,0.516
2273,latih,12,Printer,ti,1,0.5023
2274,latih,12,Printer,ti,1,0.4367
2275,latih,12,Printer,ti,1,0.5727
2276,latih,12,Printer,ti,1,0.579
2277,latih,12,Printer,ti,1,0.4304
2278,latih,12,Printer,ti,1,0.5348
2279,latih,12,Printer,ti,1,0.4894
2280,latih,12,Printer,ti,1,0.649
2281,latih,12,Printer,ti,1,0.5068
2282,latih,12,Printer,ti,1,0.5741
2283,latih,12,Printer,ti,1,0.6857
2284,latih,12,Printer,ti,1,0.6233
2285,latih,12,Printer,ti,1,0.6817
2286,latih,12,Printer,ti,1,0.6258
2287,latih,12,Printer,ti,1,0.4619
2288,latih,12,Printer,ti,1,0.5747
2289,latih,12,Printer,ti,1,0.5781
2290,latih,12,Printer,ti,1,0.6866
2291,latih,12,Printer,ti,1,0.6669
2292,latih,12,Printer,ti,1,0.5726
2293,latih,12,Printer,ti,1,0.632
2294,latih,12,Printer,ti,1,0.4904
2295,latih,12,Printer,ti,1,0.6705
2296,latih,12,Printer,ti,1,0.6469
2297,latih,12,Printer,ti,1,0.6534
2298,latih,12,Printer,ti,1,0.6845
2299,latih,12,Printer,ti,1,0.8658
2300,latih,12,Printer,ti,1,0.4784
2301,latih,12,Printer,ti,1,0.6951
2302,latih,12,Printer,ti,1,0.706
2303,latih,12,Printer,ti,1,0.6827
2304,latih,12,Printer,ti,1,0.5827
2305,latih,12,Printer,ti,1,0.5839
2306,latih,12,Printer,ti,1,0.5717
2307,latih,12,Printer,ti,1,0.7297
2308,latih,12,Printer,ti,1,0.4765
2309,latih,12,Printer,ti,1,0.5752
2310,latih,12,Printer,ti,1,0.6926
2311,latih,12,Printer,ti,1,0.6808
2312,latih,12,Printer,ti,1,0.3881
2313,latih,12,Printer,ti,1,0.4368
2314,latih,12,Printer,ti,1,0.5556
2315,latih,12,Printer,ti,1,0.916
2316,latih,12,Printer,ti,1,0.5493
2317,latih,12,Printer,ti,1,0.5641
2318,latih,12,Printer,ti,1,0.5684
2319,latih,12,Printer,ti,1,0.5356
2320,latih,12,Printer,ti,1,0.5707
2321,latih,12,Printer,ti,1,0.5222
2322,latih,12,Printer,ti,1,0.5455
2323,latih,12,Printer,ti,1,0.3906
2324,latih,12,Printer,ti,1,0.4799
2325,latih,12,Printer,ti,1,0.6203
2326,latih,12,Printer,ti,1,0.893
2327,latih,12,Printer,ti,1,0.5747
2328,latih,12,Printer,ti,1,0.5929
2329,latih,12,Printer,ti,1,0.4759
2330,latih,12,Printer,ti,1,0.6036
2331,latih,12,Printer,ti,1,0.7255
2332,latih,12,Printer,ti,1,0.6101
2333,latih,12,Printer,ti,1,0.89
2334,latih,12,Printer,ti,1,0.4692
2335,latih,12,Printer,ti,1,0.5631
2336,latih,12,Printer,ti,1,0.3748
2337,latih,12,Printer,ti,1,0.5098
2338,latih,12,Printer,ti,1,0.6318
2339,latih,12,Printer,ti,1,0.5035
2340,latih,12,Printer,ti,1,0.6433
2341,latih,12,Printer,ti,1,0.6453
2342,latih,12,Printer,ti,1,0.6191
2343,latih,12,Printer,ti,1,0.5353
2344,latih,12,Printer,ti,1,0.8448
2345,latih,12,Printer,ti,1,0.523
2346,latih,12,Printer,ti,1,0.6611
2347,latih,12,Printer,ti,1,0.598
2348,latih,12,Printer,ti,1,0.579
2349,latih,12,Printer,ti,1,0.6201
2350,latih,12,Printer,ti,1,0.6661
2351,latih,12,Printer,ti,1,0.6831
2352,latih,12,Printer,ti,1,0.4493
2353,latih,12,Printer,ti,1,0.6088
2354,latih,12,Printer,ti,1,0.5484
2355,latih,12,Printer,ti,1,0.5036
2356,latih,12,Printer,ti,1,0.8176
2357,latih,12,Printer,ti,1,0.6744
2358,latih,12,Printer,ti,1,0.4864
2359,latih,12,Printer,ti,1,0.5982
2360,latih,12,Printer,ti,1,0.8229
2361,latih,12,Printer,ti,1,0.6931
2362,latih,12,Printer,ti,1,0.5283
2363,latih,12,Printer,ti,1,0.505
2364,latih,12,Printer,ti,1,0.6556
2365,latih,12,Printer,ti,1,0.6479
2366,latih,12,Printer,ti,1,0.5681
2367,latih,12,Printer,ti,1,0.5687
2368,latih,12,Printer,ti,1,0.6827
2369,latih,12,Printer,ti,1,0.8355
2370,latih,12,Printer,ti,1,0.5542
2371,latih,12,Printer,ti,1,0.556
2372,latih,12,Printer,ti,1,0.5534
2373,latih,12,Printer,ti,1,0.5953
2374,latih,12,Printer,ti,1,0.4631
2375,latih,12,Printer,ti,1,0.6808
2376,latih,12,Printer,ti,1,0.586
2377,latih,12,Printer,ti,1,0.7323
2378,latih,12,Printer,ti,1,0.6408
2379,latih,12,Printer,ti,1,0.501
2380,latih,12,Printer,ti,1,0.6243
2381,latih,12,Printer,ti,1,0.5891
2382,latih,12,Printer,ti,1,0.5336
2383,latih,12,Printer,ti,1,0.6447
2384,latih,12,Printer,ti,1,0.5353
2385,latih,12,Printer,ti,1,0.631
2386,latih,12,Printer,ti,1,0.7034
2387,latih,12,Printer,ti,1,0.4764
2388,latih,12,Printer,ti,1,0.6395
2389,latih,12,Printer,ti,1,0.5223
2390,latih,12,Printer,ti,1,0.4691
2391,latih,12,Printer,ti,1,0.6776
2392,latih,12,Printer,ti,1,0.6234
2393,latih,12,Printer,ti,1,0.5031
2394,latih,12,Printer,ti,1,0.7204
2395,latih,12,Printer,ti,1,0.9158
2396,latih,12,Printer,ti,1,0.574
2397,latih,12,Printer,ti,1,0.6073
2398,latih,12,Printer,ti,1,0.4959
2399,latih,12,Printer,ti,1,0.6078
2400,latih,12,Printer,ti,1,0.7126
2401,latih,12,Printer,ti,1,0.6531
2402,latih,12,Printer,ti,1,0.5922
2403,latih,12,Printer,ti,1,0.4946
2404,latih,12,Printer,ti,1,0.5792
2405,latih,12,Printer,ti,1,0.5306
2406,latih,12,Printer,ti,1,0.5326
2407,latih,12,Printer,ti,1,0.6023
2408,latih,12,Printer,ti,1,0.8377
2409,latih,12,Printer,ti,1,0.6214
2410,latih,12,Printer,ti,1,0.6901
2411,latih,12,Printer,ti,1,0.479
2412,latih,12,Printer,ti,1,0.5716
2413,latih,12,Printer,ti,1,0.479
2414,latih,12,Printer,ti,1,0.4385
2415,latih,12,Printer,ti,1,0.5902
2416,latih,12,Printer,ti,1,0.8273
2417,latih,12,Printer,ti,1,0.6772
2418,latih,12,Printer,ti,1,0.4378
2419,latih,12,Printer,ti,1,0.5912
2420,latih,12,Printer,ti,1,0.5165
2421,latih,12,Printer,ti,1,0.6717
2422,latih,12,Printer,ti,1,0.7011
2423,latih,12,Printer,ti,1,0.6334
2424,latih,12,Printer,ti,1,0.4706
2425,latih,12,Printer,ti,1,0.8501
2426,latih,12,Printer,ti,1,0.5044
2427,latih,12,Printer,ti,1,0.5153
2428,latih,12,Printer,ti,1,0.6845
2429,latih,12,Printer,ti,1,0.5216
2430,latih,12,Printer,ti,1,0.6652
2431,latih,12,Printer,ti,1,0.6198
2432,latih,12,Printer,ti,1,0.5379
2433,latih,12,Printer,ti,1,0.5971
2434,latih,12,Printer,ti,1,0.4892
2435,latih,12,Printer,ti,1,0.5704
2436,latih,12,Printer,ti,1,0.5284
2437,latih,12,Printer,ti,1,0.4317
2438,latih,12,Printer,ti,1,0.4813
2439,latih,12,Printer,ti,1,0.5976
2440,latih,12,Printer,ti,1,0.4913
2441,latih,12,Printer,ti,1,0.492
2442,latih,12,Printer,ti,1,0.8495
2443,latih,12,Printer,ti,1,0.4143
2444,latih,12,Printer,ti,1,0.5948
2445,latih,12,Printer,ti,1,0.6847
2446,latih,12,Printer,ti,1,0.6529
2447,latih,12,Printer,ti,1,0.4782
2448,latih,12,Printer,ti,1,0.573
2449,latih,12,Printer,ti,1,0.5133
2450,latih,12,Printer,ti,1,0.658
2451,latih,12,Printer,ti,1,0.5687
2452,latih,12,Printer,ti,1,0.5511
2453,latih,12,Printer,ti,1,0.5073
2454,latih,12,Printer,ti,1,0.5301
2455,latih,12,Printer,ti,1,0.4219
2456,latih,12,Printer,ti,1,0.4633
2457,latih,12,Printer,ti,1,0.6726
2458,latih,12,Printer,ti,1,0.7303
2459,latih,12,Printer,ti,1,0.605
2460,latih,12,Printer,ti,1,0.5276
2461,latih,12,Printer,ti,1,0.4895
2462,latih,12,Printer,ti,1,0.8347
2463,latih,12,Printer,ti,1,0.5352
2464,latih,12,Printer,ti,1,0.5592
2465,latih,12,Printer,ti,1,0.4934
2466,latih,12,Printer,ti,1,0.5561
2467,latih,12,Printer,ti,1,0.6089
2468,latih,12,Printer,ti,1,0.4741
2469,latih,12,Printer,ti,1,0.5607
2470,latih,12,Printer,ti,1,0.5528
2471,latih,12,Printer,ti,1,0.5836
2472,latih,12,Printer,ti,1,0.5516
2473,latih,12,Printer,ti,1,0.7554
2474,latih,12,Printer,ti,1,0.4806
2475,latih,12,Printer,ti,1,0.6874
2476,latih,12,Printer,ti,0,0.8807
2477,latih,12,Printer,ti,1,0.728
2478,latih,12,Printer,ti,1,0.7855
2479,latih,12,Printer,ti,1,0.448
2480,latih,12,Printer,ti,1,0.5945
2481,latih,12,Printer,ti,1,0.9093
2482,latih,12,Printer,ti,1,0.5744
2483,latih,12,Printer,ti,1,0.651
2484,latih,12,Printer,ti,1,0.535
2485,latih,12,Printer,ti,1,0.6394
2486,latih,12,Printer,ti,1,0.6945
2487,latih,12,Printer,ti,1,0.5615
2488,latih,12,Printer,ti,1,0.5274
2489,latih,12,Printer,ti,1,0.3923
2490,latih,12,Printer,ti,1,0.4405
2491,latih,12,Printer,ti,1,0.6102
2492,latih,12,Printer,ti,1,0.6406
2493,latih,12,Printer,ti,1,0.5686
2494,latih,12,Printer,ti,1,0.6018
2495,latih,12,Printer,ti,1,0.5523
2496,latih,12,Printer,ti,1,0.6695
2497,latih,12,Printer,ti,1,0.7484
2498,latih,12,Printer,ti,1,0.7106
2499,latih,12,Printer,ti,1,0.5385
2500,latih,12,Printer,ti,1,0.7236
2501,latih,12,Printer,ti,1,0.5915
2502,latih,12,Printer,ti,1,0.8726
2503,latih,12,Printer,ti,1,0.7063
2504,latih,12,Printer,ti,1,0.6569
2505,latih,12,Printer,ti,1,0.5035
2506,latih,12,Printer,ti,1,0.8125
2507,latih,12,Printer,ti,1,0.5591
2508,latih,12,Printer,ti,1,0.5156
2509,latih,12,Printer,ti,1,0.6344
2510,latih,12,Printer,ti,1,0.4733
2511,latih,12,Printer,ti,1,0.5849
2512,latih,12,Printer,ti,1,0.8514
2513,latih,12,Printer,ti,1,0.6
2514,latih,12,Printer,ti,1,0.5209
2515,latih,12,Printer,ti,1,0.6502
2516,latih,12,Printer,ti,1,0.7307
2517,latih,12,Printer,ti,1,0.6864
2518,latih,12,Printer,ti,0,0.9107
2519,latih,12,Printer,ti,1,0.5759
2520,latih,12,Printer,ti,1,0.601
2521,latih,12,Printer,ti,1,0.6002
2522,latih,12,Printer,ti,1,0.8203
2523,latih,12,Printer,ti,1,0.6314
2524,latih,12,Printer,ti,1,0.6984
2525,latih,12,Printer,ti,1,0.7032
2526,latih,0,Aki (baterai timbal-asam),baterai,1,0.5608
2527,latih,9,Laptop,layar,1,0.742
2528,latih,7,TV/monitor layar datar,layar,1,0.5651
2529,latih,3,TV/monitor CRT,layar,1,0.5648
2530,latih,3,TV/monitor CRT,layar,1,0.5594
2531,latih,7,TV/monitor layar datar,layar,1,0.6007
2532,latih,7,TV/monitor layar datar,layar,0,0.7919
2533,latih,7,TV/monitor layar datar,layar,0,0.7241
2534,latih,7,TV/monitor layar datar,layar,0,0.7243
2535,latih,7,TV/monitor layar datar,layar,0,0.823
2536,latih,3,TV/monitor CRT,layar,1,0.593
2537,latih,3,TV/monitor CRT,layar,1,0.5169
2538,latih,7,TV/monitor layar datar,layar,1,0.6509
2539,latih,7,TV/monitor layar datar,layar,0,0.6617
2540,latih,7,TV/monitor layar datar,layar,1,0.6486
2541,latih,3,TV/monitor CRT,layar,1,0.5183
2542,latih,7,TV/monitor layar datar,layar,1,0.5495
2543,latih,7,TV/monitor layar datar,layar,0,0.7509
2544,latih,7,TV/monitor layar datar,layar,1,0.5101
2545,latih,7,TV/monitor layar datar,layar,0,0.7903
2546,latih,7,TV/monitor layar datar,layar,1,0.7587
2547,latih,3,TV/monitor CRT,layar,1,0.6056
2548,latih,7,TV/monitor layar datar,layar,1,0.4969
2549,latih,7,TV/monitor layar datar,layar,1,0.5073
2550,latih,7,TV/monitor layar datar,layar,0,0.7867
2551,latih,7,TV/monitor layar datar,layar,1,0.7617
2552,latih,3,TV/monitor CRT,layar,1,0.5909
2553,latih,7,TV/monitor layar datar,layar,0,0.7692
2554,latih,7,TV/monitor layar datar,layar,0,0.7495
2555,latih,7,TV/monitor layar datar,layar,1,0.5492
2556,latih,7,TV/monitor layar datar,layar,1,0.5214
2557,latih,7,TV/monitor layar datar,layar,1,0.5801
2558,latih,7,TV/monitor layar datar,layar,1,0.8292
2559,latih,7,TV/monitor layar datar,layar,1,0.6013
2560,latih,3,TV/monitor CRT,layar,1,0.5571
2561,latih,3,TV/monitor CRT,layar,1,0.6454
2562,latih,3,TV/monitor CRT,layar,1,0.5984
2563,latih,7,TV/monitor layar datar,layar,0,0.8319
2564,latih,7,TV/monitor layar datar,layar,1,0.6465
2565,latih,7,TV/monitor layar datar,layar,1,0.7706
2566,latih,3,TV/monitor CRT,layar,1,0.5961
2567,latih,3,TV/monitor CRT,layar,1,0.4504
2568,latih,7,TV/monitor layar datar,layar,0,0.7286
2569,latih,7,TV/monitor layar datar,layar,1,0.5979
2570,latih,3,TV/monitor CRT,layar,1,0.4793
2571,latih,7,TV/monitor layar datar,layar,0,0.7572
2572,latih,7,TV/monitor layar datar,layar,1,0.5733
2573,latih,3,TV/monitor CRT,layar,1,0.574
2574,latih,3,TV/monitor CRT,layar,1,0.4579
2575,latih,7,TV/monitor layar datar,layar,1,0.7999
2576,latih,7,TV/monitor layar datar,layar,1,0.7565
2577,latih,7,TV/monitor layar datar,layar,1,0.6923
2578,latih,3,TV/monitor CRT,layar,1,0.5661
2579,latih,7,TV/monitor layar datar,layar,0,0.7817
2580,latih,3,TV/monitor CRT,layar,1,0.5407
2581,latih,7,TV/monitor layar datar,layar,0,0.7817
2582,latih,3,TV/monitor CRT,layar,1,0.6255
2583,latih,7,TV/monitor layar datar,layar,1,0.6149
2584,latih,7,TV/monitor layar datar,layar,1,0.5429
2585,latih,7,TV/monitor layar datar,layar,0,0.7831
2586,latih,7,TV/monitor layar datar,layar,1,0.8833
2587,latih,7,TV/monitor layar datar,layar,1,0.536
2588,latih,7,TV/monitor layar datar,layar,1,0.7493
2589,latih,7,TV/monitor layar datar,layar,1,0.7477
2590,latih,7,TV/monitor layar datar,layar,1,0.6693
2591,latih,7,TV/monitor layar datar,layar,0,0.7597
2592,latih,7,TV/monitor layar datar,layar,1,0.4831
2593,latih,7,TV/monitor layar datar,layar,0,0.7005
2594,latih,7,TV/monitor layar datar,layar,1,0.5594
2595,latih,7,TV/monitor layar datar,layar,1,0.6448
2596,latih,7,TV/monitor layar datar,layar,1,0.7054
2597,latih,7,TV/monitor layar datar,layar,0,0.8148
2598,latih,7,TV/monitor layar datar,layar,1,0.5563
2599,latih,7,TV/monitor layar datar,layar,1,0.515
2600,latih,7,TV/monitor layar datar,layar,1,0.4808
2601,latih,3,TV/monitor CRT,layar,1,0.6123
2602,latih,7,TV/monitor layar datar,layar,1,0.6849
2603,latih,7,TV/monitor layar datar,layar,1,0.5107
2604,latih,3,TV/monitor CRT,layar,1,0.5255
2605,latih,7,TV/monitor layar datar,layar,1,0.5663
2606,latih,7,TV/monitor layar datar,layar,1,0.5845
2607,latih,3,TV/monitor CRT,layar,1,0.4865
2608,latih,7,TV/monitor layar datar,layar,0,0.7389
2609,latih,3,TV/monitor CRT,layar,1,0.5306
2610,latih,7,TV/monitor layar datar,layar,0,0.7974
2611,latih,7,TV/monitor layar datar,layar,0,0.8074
2612,latih,3,TV/monitor CRT,layar,1,0.4052
2613,latih,7,TV/monitor layar datar,layar,0,0.7507
2614,latih,7,TV/monitor layar datar,layar,1,0.5995
2615,latih,3,TV/monitor CRT,layar,1,0.6372
2616,latih,3,TV/monitor CRT,layar,1,0.5231
2617,latih,7,TV/monitor layar datar,layar,0,0.8225
2618,latih,7,TV/monitor layar datar,layar,0,0.6574
2619,latih,3,TV/monitor CRT,layar,1,0.5968
2620,latih,7,TV/monitor layar datar,layar,1,0.5439
2621,latih,7,TV/monitor layar datar,layar,1,1.0121
2622,latih,7,TV/monitor layar datar,layar,1,0.5688
2623,latih,7,TV/monitor layar datar,layar,1,0.574
2624,latih,7,TV/monitor layar datar,layar,1,0.4976
2625,latih,7,TV/monitor layar datar,layar,1,0.5386
2626,latih,3,TV/monitor CRT,layar,1,0.5322
2627,latih,7,TV/monitor layar datar,layar,1,0.5669
2628,latih,7,TV/monitor layar datar,layar,1,0.5393
2629,latih,7,TV/monitor layar datar,layar,1,0.5996
2630,latih,3,TV/monitor CRT,layar,1,0.5659
2631,latih,3,TV/monitor CRT,layar,1,0.5985
2632,latih,7,TV/monitor layar datar,layar,1,0.7887
2633,latih,7,TV/monitor layar datar,layar,1,0.621
2634,latih,7,TV/monitor layar datar,layar,1,0.4724
2635,latih,7,TV/monitor layar datar,layar,1,0.5554
2636,latih,7,TV/monitor layar datar,layar,1,0.5934
2637,latih,3,TV/monitor CRT,layar,1,0.5921
2638,latih,7,TV/monitor layar datar,layar,1,0.5332
2639,latih,7,TV/monitor layar datar,layar,1,0.5941
2640,latih,7,TV/monitor layar datar,layar,1,0.5196
2641,latih,7,TV/monitor layar datar,layar,1,1.0009
2642,latih,7,TV/monitor layar datar,layar,1,0.5823
2643,latih,7,TV/monitor layar datar,layar,1,0.6266
2644,latih,7,TV/monitor layar datar,layar,1,0.7276
2645,latih,7,TV/monitor layar datar,layar,1,0.4345
2646,latih,7,TV/monitor layar datar,layar,1,0.5694
2647,latih,7,TV/monitor layar datar,layar,1,0.4974
2648,latih,7,TV/monitor layar datar,layar,1,0.8763
2649,latih,7,TV/monitor layar datar,layar,1,0.8394
2650,latih,7,TV/monitor layar datar,layar,0,0.7488
2651,latih,7,TV/monitor layar datar,layar,1,0.6017
2652,latih,7,TV/monitor layar datar,layar,1,0.6463
2653,latih,7,TV/monitor layar datar,layar,1,0.6122
2654,latih,7,TV/monitor layar datar,layar,1,0.5841
2655,latih,7,TV/monitor layar datar,layar,1,0.7083
2656,latih,7,TV/monitor layar datar,layar,1,0.5411
2657,latih,7,TV/monitor layar datar,layar,1,0.5982
2658,latih,7,TV/monitor layar datar,layar,1,0.668
2659,latih,7,TV/monitor layar datar,layar,1,0.6994
2660,latih,7,TV/monitor layar datar,layar,1,0.6142
2661,latih,7,TV/monitor layar datar,layar,1,0.5992
2662,latih,7,TV/monitor layar datar,layar,1,0.806
2663,latih,7,TV/monitor layar datar,layar,1,0.7127
2664,latih,7,TV/monitor layar datar,layar,1,0.6205
2665,latih,7,TV/monitor layar datar,layar,1,0.6101
2666,latih,7,TV/monitor layar datar,layar,1,0.6018
2667,latih,3,TV/monitor CRT,layar,1,0.6563
2668,latih,3,TV/monitor CRT,layar,1,0.5754
2669,latih,3,TV/monitor CRT,layar,1,0.5798
2670,latih,7,TV/monitor layar datar,layar,1,0.531
2671,latih,3,TV/monitor CRT,layar,1,0.5322
2672,latih,7,TV/monitor layar datar,layar,1,0.5281
2673,latih,7,TV/monitor layar datar,layar,1,0.5527
2674,latih,3,TV/monitor CRT,layar,1,0.5711
2675,latih,7,TV/monitor layar datar,layar,1,0.524
2676,latih,7,TV/monitor layar datar,layar,1,0.6003
2677,latih,3,TV/monitor CRT,layar,1,0.5385
2678,latih,7,TV/monitor layar datar,layar,1,0.564
2679,latih,7,TV/monitor layar datar,layar,1,0.5285
2680,latih,3,TV/monitor CRT,layar,1,0.5523
2681,latih,3,TV/monitor CRT,layar,1,0.5668
2682,latih,7,TV/monitor layar datar,layar,1,0.5462
2683,latih,7,TV/monitor layar datar,layar,1,0.8114
2684,latih,3,TV/monitor CRT,layar,1,0.5852
2685,latih,3,TV/monitor CRT,layar,1,0.5451
2686,latih,3,TV/monitor CRT,layar,1,0.5023
2687,latih,7,TV/monitor layar datar,layar,1,0.6142
2688,latih,7,TV/monitor layar datar,layar,1,0.617
2689,latih,3,TV/monitor CRT,layar,1,0.5842
2690,latih,3,TV/monitor CRT,layar,1,0.5477
2691,latih,7,TV/monitor layar datar,layar,0,0.7004
2692,latih,7,TV/monitor layar datar,layar,1,0.6183
2693,latih,3,TV/monitor CRT,layar,1,0.587
2694,latih,3,TV/monitor CRT,layar,1,0.591
2695,latih,7,TV/monitor layar datar,layar,1,0.5556
2696,latih,7,TV/monitor layar datar,layar,1,0.589
2697,latih,7,TV/monitor layar datar,layar,0,0.8123
2698,latih,7,TV/monitor layar datar,layar,1,0.5098
2699,latih,7,TV/monitor layar datar,layar,1,0.5778
2700,latih,3,TV/monitor CRT,layar,1,0.5895
2701,latih,7,TV/monitor layar datar,layar,1,0.6276
2702,latih,3,TV/monitor CRT,layar,1,0.5052
2703,latih,3,TV/monitor CRT,layar,1,0.5919
2704,latih,3,TV/monitor CRT,layar,1,0.4326
2705,latih,7,TV/monitor layar datar,layar,1,0.5851
2706,latih,7,TV/monitor layar datar,layar,1,0.4728
2707,latih,3,TV/monitor CRT,layar,1,0.5341
2708,latih,7,TV/monitor layar datar,layar,1,0.5807
2709,latih,7,TV/monitor layar datar,layar,1,0.6009
2710,latih,3,TV/monitor CRT,layar,1,0.5645
2711,latih,3,TV/monitor CRT,layar,1,0.6337
2712,latih,7,TV/monitor layar datar,layar,1,0.7648
2713,latih,3,TV/monitor CRT,layar,1,0.5141
2714,latih,7,TV/monitor layar datar,layar,1,0.5151
2715,latih,3,TV/monitor CRT,layar,1,0.5071
2716,latih,7,TV/monitor layar datar,layar,1,0.5668
2717,latih,7,TV/monitor layar datar,layar,0,0.687
2718,latih,3,TV/monitor CRT,layar,1,0.5817
2719,latih,3,TV/monitor CRT,layar,1,0.5959
2720,latih,7,TV/monitor layar datar,layar,1,0.86
2721,latih,7,TV/monitor layar datar,layar,1,0.5686
2722,latih,7,TV/monitor layar datar,layar,1,0.4938
2723,latih,7,TV/monitor layar datar,layar,1,0.5575
2724,latih,7,TV/monitor layar datar,layar,0,0.7796
2725,latih,7,TV/monitor layar datar,layar,1,0.6946
2726,latih,7,TV/monitor layar datar,layar,1,0.616
2727,latih,7,TV/monitor layar datar,layar,0,0.74
2728,latih,7,TV/monitor layar datar,layar,1,0.6059
2729,latih,3,TV/monitor CRT,layar,1,0.5591
2730,latih,3,TV/monitor CRT,layar,1,0.5706
2731,latih,7,TV/monitor layar datar,layar,1,0.917
2732,latih,7,TV/monitor layar datar,layar,0,0.7232
2733,latih,7,TV/monitor layar datar,layar,0,0.6929
2734,latih,7,TV/monitor layar datar,layar,0,0.8059
2735,latih,7,TV/monitor layar datar,layar,1,0.5989
2736,latih,7,TV/monitor layar datar,layar,0,0.727
2737,latih,3,TV/monitor CRT,layar,1,0.5311
2738,latih,7,TV/monitor layar datar,layar,1,0.6129
2739,latih,3,TV/monitor CRT,layar,1,0.5461
2740,latih,3,TV/monitor CRT,layar,1,0.502
2741,latih,7,TV/monitor layar datar,layar,0,0.7781
2742,latih,7,TV/monitor layar datar,layar,1,0.9144
2743,latih,3,TV/monitor CRT,layar,1,0.4517
2744,latih,3,TV/monitor CRT,layar,1,0.6622
2745,latih,7,TV/monitor layar datar,layar,0,0.8096
2746,latih,3,TV/monitor CRT,layar,1,0.5478
2747,latih,7,TV/monitor layar datar,layar,0,0.7814
2748,latih,7,TV/monitor layar datar,layar,1,0.5803
2749,latih,7,TV/monitor layar datar,layar,0,0.9057
2750,latih,3,TV/monitor CRT,layar,1,0.5949
2751,latih,3,TV/monitor CRT,layar,1,0.5886
2752,latih,7,TV/monitor layar datar,layar,1,0.7756
2753,latih,7,TV/monitor layar datar,layar,1,0.5347
2754,latih,7,TV/monitor layar datar,layar,0,0.8807
2755,latih,3,TV/monitor CRT,layar,1,0.619
2756,latih,7,TV/monitor layar datar,layar,0,0.81
2757,latih,3,TV/monitor CRT,layar,1,0.4939
2758,latih,3,TV/monitor CRT,layar,1,0.583
2759,latih,7,TV/monitor layar datar,layar,0,0.8121
2760,latih,3,TV/monitor CRT,layar,1,0.5634
2761,latih,7,TV/monitor layar datar,layar,0,0.7624
2762,latih,3,TV/monitor CRT,layar,1,0.5235
2763,latih,3,TV/monitor CRT,layar,1,0.604
2764,latih,3,TV/monitor CRT,layar,1,0.5034
2765,latih,7,TV/monitor layar datar,layar,0,0.7002
2766,latih,7,TV/monitor layar datar,layar,1,0.7516
2767,latih,7,TV/monitor layar datar,layar,0,0.7862
2768,latih,3,TV/monitor CRT,layar,1,0.4822
2769,latih,3,TV/monitor CRT,layar,1,0.5339
2770,latih,3,TV/monitor CRT,layar,1,0.5715
2771,latih,7,TV/monitor layar datar,layar,1,0.5742
2772,latih,7,TV/monitor layar datar,layar,1,0.5737
2773,latih,3,TV/monitor CRT,layar,1,0.5648
2774,latih,7,TV/monitor layar datar,layar,1,0.6866
2775,latih,7,TV/monitor layar datar,layar,1,0.5546
2776,latih,7,TV/monitor layar datar,layar,0,0.6891
2777,latih,7,TV/monitor layar datar,layar,0,0.7239
2778,latih,3,TV/monitor CRT,layar,1,0.4904
2779,latih,7,TV/monitor layar datar,layar,0,0.5824
2780,latih,7,TV/monitor layar datar,layar,1,0.5991
2781,latih,3,TV/monitor CRT,layar,1,0.5934
2782,latih,8,Mesin cuci front-load,besar,1,0.3069
2783,latih,8,Mesin cuci front-load,besar,1,0.1613
2784,latih,8,Mesin cuci front-load,besar,1,0.1475
2785,latih,6,Mesin cuci bukaan atas,besar,1,0.1809
2786,latih,8,Mesin cuci front-load,besar,1,0.1573
2787,latih,6,Mesin cuci bukaan atas,besar,1,0.3551
2788,latih,8,Mesin cuci front-load,besar,1,0.1884
2789,latih,8,Mesin cuci front-load,besar,1,0.1936
2790,latih,6,Mesin cuci bukaan atas,besar,1,0.2178
2791,latih,8,Mesin cuci front-load,besar,1,0.3788
2792,latih,6,Mesin cuci bukaan atas,besar,1,0.2508
2793,latih,6,Mesin cuci bukaan atas,besar,1,0.1674
2794,latih,8,Mesin cuci front-load,besar,1,0.4282
2795,latih,6,Mesin cuci bukaan atas,besar,1,0.1222
2796,latih,8,Mesin cuci front-load,besar,1,0.1575
2797,latih,6,Mesin cuci bukaan atas,besar,1,0.1433
2798,latih,6,Mesin cuci bukaan atas,besar,1,0.3899
2799,latih,8,Mesin cuci front-load,besar,1,0.1743
2800,latih,8,Mesin cuci front-load,besar,1,0.1852
2801,latih,8,Mesin cuci front-load,besar,1,0.2895
2802,latih,6,Mesin cuci bukaan atas,besar,1,0.2844
2803,latih,8,Mesin cuci front-load,besar,1,0.2391
2804,latih,8,Mesin cuci front-load,besar,1,0.1943
2805,latih,8,Mesin cuci front-load,besar,1,0.1884
2806,latih,8,Mesin cuci front-load,besar,1,0.2264
2807,latih,6,Mesin cuci bukaan atas,besar,1,0.1466
2808,latih,6,Mesin cuci bukaan atas,besar,1,0.1732
2809,latih,8,Mesin cuci front-load,besar,1,0.1813
2810,latih,6,Mesin cuci bukaan atas,besar,1,0.1784
2811,latih,8,Mesin cuci front-load,besar,1,0.2543
2812,latih,6,Mesin cuci bukaan atas,besar,1,0.3091
2813,latih,8,Mesin cuci front-load,besar,1,0.1268
2814,latih,6,Mesin cuci bukaan atas,besar,1,0.1997
2815,latih,6,Mesin cuci bukaan atas,besar,1,0.1542
2816,latih,8,Mesin cuci front-load,besar,1,0.2129
2817,latih,6,Mesin cuci bukaan atas,besar,1,0.1824
2818,latih,8,Mesin cuci front-load,besar,1,0.2224
2819,latih,8,Mesin cuci front-load,besar,1,0.1837
2820,latih,8,Mesin cuci front-load,besar,1,0.2997
2821,latih,8,Mesin cuci front-load,besar,1,0.1661
2822,latih,6,Mesin cuci bukaan atas,besar,1,0.1781
2823,latih,8,Mesin cuci front-load,besar,1,0.2959
2824,latih,8,Mesin cuci front-load,besar,1,0.2575
2825,latih,8,Mesin cuci front-load,besar,1,0.2471
2826,latih,8,Mesin cuci front-load,besar,1,0.2348
2827,latih,6,Mesin cuci bukaan atas,besar,1,0.1802
2828,latih,8,Mesin cuci front-load,besar,1,0.2104
2829,latih,8,Mesin cuci front-load,besar,1,0.1654
2830,latih,8,Mesin cuci front-load,besar,1,0.1771
2831,latih,6,Mesin cuci bukaan atas,besar,1,0.1561
2832,latih,6,Mesin cuci bukaan atas,besar,1,0.1844
2833,latih,8,Mesin cuci front-load,besar,1,0.2015
2834,latih,8,Mesin cuci front-load,besar,1,0.2205
2835,latih,8,Mesin cuci front-load,besar,1,0.3225
2836,latih,8,Mesin cuci front-load,besar,1,0.2744
2837,latih,8,Mesin cuci front-load,besar,1,0.3414
2838,latih,8,Mesin cuci front-load,besar,1,0.2557
2839,latih,8,Mesin cuci front-load,besar,1,0.1661
2840,latih,6,Mesin cuci bukaan atas,besar,1,0.1559
2841,latih,8,Mesin cuci front-load,besar,1,0.2233
2842,latih,8,Mesin cuci front-load,besar,1,0.2023
2843,latih,6,Mesin cuci bukaan atas,besar,1,0.1896
2844,latih,6,Mesin cuci bukaan atas,besar,1,0.1661
2845,latih,8,Mesin cuci front-load,besar,1,0.2686
2846,latih,8,Mesin cuci front-load,besar,1,0.1835
2847,latih,6,Mesin cuci bukaan atas,besar,1,0.2404
2848,latih,8,Mesin cuci front-load,besar,1,0.1239
2849,latih,8,Mesin cuci front-load,besar,1,0.1905
2850,latih,8,Mesin cuci front-load,besar,1,0.1724
2851,latih,8,Mesin cuci front-load,besar,1,0.2101
2852,latih,6,Mesin cuci bukaan atas,besar,1,0.2357
2853,latih,8,Mesin cuci front-load,besar,1,0.2424
2854,latih,6,Mesin cuci bukaan atas,besar,1,0.1945
2855,latih,8,Mesin cuci front-load,besar,1,0.2296
2856,latih,6,Mesin cuci bukaan atas,besar,1,0.1838
2857,latih,8,Mesin cuci front-load,besar,1,0.1482
2858,latih,8,Mesin cuci front-load,besar,1,0.1729
2859,latih,6,Mesin cuci bukaan atas,besar,1,0.1295
2860,latih,8,Mesin cuci front-load,besar,1,0.1736
2861,latih,8,Mesin cuci front-load,besar,1,0.1646
2862,latih,8,Mesin cuci front-load,besar,1,0.1622
2863,latih,8,Mesin cuci front-load,besar,1,0.1554
2864,latih,8,Mesin cuci front-load,besar,1,0.1623
2865,latih,6,Mesin cuci bukaan atas,besar,1,0.298
2866,latih,8,Mesin cuci front-load,besar,1,0.1539
2867,latih,6,Mesin cuci bukaan atas,besar,1,0.4364
2868,latih,6,Mesin cuci bukaan atas,besar,1,0.2932
2869,latih,8,Mesin cuci front-load,besar,1,0.1897
2870,latih,8,Mesin cuci front-load,besar,1,0.331
2871,latih,8,Mesin cuci front-load,besar,1,0.1703
2872,latih,6,Mesin cuci bukaan atas,besar,1,0.1688
2873,latih,8,Mesin cuci front-load,besar,1,0.1691
2874,latih,8,Mesin cuci front-load,besar,1,0.1945
2875,latih,8,Mesin cuci front-load,besar,1,0.6242
2876,latih,8,Mesin cuci front-load,besar,1,0.1231
2877,latih,8,Mesin cuci front-load,besar,1,0.3111
2878,latih,6,Mesin cuci bukaan atas,besar,1,0.1723
2879,latih,8,Mesin cuci front-load,besar,1,0.1899
2880,latih,8,Mesin cuci front-load,besar,1,0.1865
2881,latih,8,Mesin cuci front-load,besar,1,0.3473
2882,latih,6,Mesin cuci bukaan atas,besar,1,0.4772
2883,latih,6,Mesin cuci bukaan atas,besar,0,0.9302
2884,latih,6,Mesin cuci bukaan atas,besar,1,0.197
2885,latih,8,Mesin cuci front-load,besar,1,0.283
2886,latih,8,Mesin cuci front-load,besar,1,0.3808
2887,latih,8,Mesin cuci front-load,besar,1,0.1623
2888,latih,8,Mesin cuci front-load,besar,1,0.143
2889,latih,8,Mesin cuci front-load,besar,1,0.1969
2890,latih,6,Mesin cuci bukaan atas,besar,1,0.3887
2891,latih,6,Mesin cuci bukaan atas,besar,1,0.1589
2892,latih,6,Mesin cuci bukaan atas,besar,1,0.2077
2893,latih,8,Mesin cuci front-load,besar,1,0.362
2894,latih,8,Mesin cuci front-load,besar,1,0.1529
2895,latih,6,Mesin cuci bukaan atas,besar,1,0.2802
2896,latih,8,Mesin cuci front-load,besar,1,0.1597
2897,latih,6,Mesin cuci bukaan atas,besar,1,0.1919
2898,latih,8,Mesin cuci front-load,besar,1,0.161
2899,latih,8,Mesin cuci front-load,besar,1,0.2054
2900,latih,5,Pemutar CD/radio,kecil,0,0.993
2901,latih,6,Mesin cuci bukaan atas,besar,1,0.144
2902,latih,8,Mesin cuci front-load,besar,1,0.1522
2903,latih,8,Mesin cuci front-load,besar,1,0.1784
2904,latih,6,Mesin cuci bukaan atas,besar,1,0.2242
2905,latih,8,Mesin cuci front-load,besar,1,0.1937
2906,latih,6,Mesin cuci bukaan atas,besar,1,0.1551
2907,latih,8,Mesin cuci front-load,besar,1,0.1502
2908,latih,8,Mesin cuci front-load,besar,1,0.2889
2909,latih,6,Mesin cuci bukaan atas,besar,1,0.2096
2910,latih,8,Mesin cuci front-load,besar,1,0.1816
2911,latih,8,Mesin cuci front-load,besar,1,0.2075
2912,latih,8,Mesin cuci front-load,besar,1,0.3912
2913,latih,8,Mesin cuci front-load,besar,1,0.2983
2914,latih,8,Mesin cuci front-load,besar,1,0.1575
2915,latih,8,Mesin cuci front-load,besar,1,0.1758
2916,latih,6,Mesin cuci bukaan atas,besar,1,0.1555
2917,latih,8,Mesin cuci front-load,besar,1,0.2297
2918,latih,6,Mesin cuci bukaan atas,besar,1,0.197
2919,latih,6,Mesin cuci bukaan atas,besar,0,0.4531
2920,latih,6,Mesin cuci bukaan atas,besar,1,0.2488
2921,latih,8,Mesin cuci front-load,besar,1,0.3458
2922,latih,6,Mesin cuci bukaan atas,besar,1,0.2002
2923,latih,8,Mesin cuci front-load,besar,1,0.3533
2924,latih,8,Mesin cuci front-load,besar,1,0.1997
2925,latih,8,Mesin cuci front-load,besar,1,0.1995
2926,latih,8,Mesin cuci front-load,besar,1,0.1593
2927,latih,6,Mesin cuci bukaan atas,besar,1,0.1144
2928,latih,8,Mesin cuci front-load,besar,1,0.7161
2929,latih,8,Mesin cuci front-load,besar,1,0.2515
2930,latih,8,Mesin cuci front-load,besar,1,0.1816
2931,latih,8,Mesin cuci front-load,besar,1,0.1168
2932,latih,8,Mesin cuci front-load,besar,1,0.1534
2933,latih,8,Mesin cuci front-load,besar,1,0.2184
2934,latih,8,Mesin cuci front-load,besar,1,0.1632
2935,latih,8,Mesin cuci front-load,besar,1,0.2051
2936,latih,8,Mesin cuci front-load,besar,1,0.1795
2937,latih,8,Mesin cuci front-load,besar,1,0.3733
2938,latih,6,Mesin cuci bukaan atas,besar,1,0.1955
2939,latih,8,Mesin cuci front-load,besar,1,0.1551
2940,latih,8,Mesin cuci front-load,besar,1,0.2377
2941,latih,8,Mesin cuci front-load,besar,1,0.4211
2942,latih,6,Mesin cuci bukaan atas,besar,1,0.4991
2943,latih,6,Mesin cuci bukaan atas,besar,1,0.2089
2944,latih,8,Mesin cuci front-load,besar,1,0.2181
2945,latih,6,Mesin cuci bukaan atas,besar,0,0.8128
2946,latih,8,Mesin cuci front-load,besar,1,0.2181
2947,latih,8,Mesin cuci front-load,besar,1,0.3237
2948,latih,8,Mesin cuci front-load,besar,1,0.1752
2949,latih,8,Mesin cuci front-load,besar,1,0.2077
2950,latih,6,Mesin cuci bukaan atas,besar,1,0.4028
2951,latih,6,Mesin cuci bukaan atas,besar,1,0.3679
2952,latih,8,Mesin cuci front-load,besar,1,0.4369
2953,latih,6,Mesin cuci bukaan atas,besar,1,0.1416
2954,latih,8,Mesin cuci front-load,besar,1,0.1597
2955,latih,6,Mesin cuci bukaan atas,besar,1,0.1462
2956,latih,8,Mesin cuci front-load,besar,1,0.3039
2957,latih,6,Mesin cuci bukaan atas,besar,1,0.2047
2958,latih,6,Mesin cuci bukaan atas,besar,1,0.2825
2959,latih,8,Mesin cuci front-load,besar,1,0.2097
2960,latih,6,Mesin cuci bukaan atas,besar,1,0.2486
2961,latih,8,Mesin cuci front-load,besar,1,0.1982
2962,latih,8,Mesin cuci front-load,besar,1,0.19
2963,latih,8,Mesin cuci front-load,besar,1,0.3612
2964,latih,8,Mesin cuci front-load,besar,1,0.1847
2965,latih,8,Mesin cuci front-load,besar,1,0.195
2966,latih,8,Mesin cuci front-load,besar,1,0.1785
2967,latih,6,Mesin cuci bukaan atas,besar,1,0.1719
2968,latih,6,Mesin cuci bukaan atas,besar,1,0.2614
2969,latih,6,Mesin cuci bukaan atas,besar,1,0.2021
2970,latih,8,Mesin cuci front-load,besar,1,0.1747
2971,latih,8,Mesin cuci front-load,besar,1,0.1907
2972,latih,8,Mesin cuci front-load,besar,1,0.1577
2973,latih,8,Mesin cuci front-load,besar,1,0.4742
2974,latih,8,Mesin cuci front-load,besar,1,0.1676
2975,latih,6,Mesin cuci bukaan atas,besar,1,0.1762
2976,latih,6,Mesin cuci bukaan atas,besar,1,0.2775
2977,latih,6,Mesin cuci bukaan atas,besar,1,0.3767
2978,latih,8,Mesin cuci front-load,besar,1,0.1594
2979,latih,8,Mesin cuci front-load,besar,1,0.3578
2980,latih,6,Mesin cuci bukaan atas,besar,1,0.152
2981,latih,6,Mesin cuci bukaan atas,besar,1,0.1491
2982,latih,8,Mesin cuci front-load,besar,1,0.1865
2983,latih,6,Mesin cuci bukaan atas,besar,1,0.1096
2984,latih,8,Mesin cuci front-load,besar,1,0.3786
2985,latih,8,Mesin cuci front-load,besar,1,0.2184
2986,latih,8,Mesin cuci front-load,besar,1,0.3384
2987,latih,8,Mesin cuci front-load,besar,1,0.188
2988,latih,6,Mesin cuci bukaan atas,besar,1,0.2226
2989,latih,6,Mesin cuci bukaan atas,besar,1,0.4309
2990,latih,6,Mesin cuci bukaan atas,besar,1,0.1343
2991,latih,8,Mesin cuci front-load,besar,1,0.5048
2992,latih,8,Mesin cuci front-load,besar,1,0.2244
2993,latih,8,Mesin cuci front-load,besar,1,0.22
2994,latih,6,Mesin cuci bukaan atas,besar,1,0.3396
2995,latih,6,Mesin cuci bukaan atas,besar,1,0.1606
2996,latih,6,Mesin cuci bukaan atas,besar,1,0.1986
2997,latih,8,Mesin cuci front-load,besar,1,0.1805
2998,latih,8,Mesin cuci front-load,besar,1,0.3538
2999,latih,6,Mesin cuci bukaan atas,besar,1,0.1983
3000,latih,8,Mesin cuci front-load,besar,1,0.1869
3001,latih,6,Mesin cuci bukaan atas,besar,1,0.1718
3002,latih,8,Mesin cuci front-load,besar,1,0.325
3003,latih,8,Mesin cuci front-load,besar,1,0.1297
3004,latih,8,Mesin cuci front-load,besar,1,0.319
3005,latih,8,Mesin cuci front-load,besar,1,0.2291
3006,latih,8,Mesin cuci front-load,besar,0,0.982
3007,latih,8,Mesin cuci front-load,besar,1,0.1674
3008,latih,6,Mesin cuci bukaan atas,besar,0,0.4452
3009,latih,6,Mesin cuci bukaan atas,besar,0,0.9892
3010,latih,8,Mesin cuci front-load,besar,1,0.2747
3011,latih,6,Mesin cuci bukaan atas,besar,1,0.1707
3012,latih,6,Mesin cuci bukaan atas,besar,1,0.1925
3013,latih,8,Mesin cuci front-load,besar,1,0.154
3014,latih,6,Mesin cuci bukaan atas,besar,1,0.1712
3015,latih,6,Mesin cuci bukaan atas,besar,1,0.406
3016,latih,6,Mesin cuci bukaan atas,besar,1,0.1714
3017,latih,8,Mesin cuci front-load,besar,1,0.5063
3018,latih,8,Mesin cuci front-load,besar,1,0.3328
3019,latih,6,Mesin cuci bukaan atas,besar,1,0.1886
3020,latih,8,Mesin cuci front-load,besar,0,0.9536
3021,latih,8,Mesin cuci front-load,besar,1,0.1862
3022,latih,8,Mesin cuci front-load,besar,1,0.2
3023,latih,8,Mesin cuci front-load,besar,1,0.152
3024,latih,6,Mesin cuci bukaan atas,besar,1,0.1834
3025,latih,6,Mesin cuci bukaan atas,besar,1,0.3077
3026,latih,6,Mesin cuci bukaan atas,besar,1,0.1576
3027,latih,6,Mesin cuci bukaan atas,besar,1,0.2028
3028,latih,8,Mesin cuci front-load,besar,0,1.0128
3029,latih,8,Mesin cuci front-load,besar,1,0.193
3030,latih,6,Mesin cuci bukaan atas,besar,1,0.2824
3031,latih,6,Mesin cuci bukaan atas,besar,1,0.3449
3032,latih,8,Mesin cuci front-load,besar,1,0.1835
3033,latih,8,Mesin cuci front-load,besar,1,0.3443
3034,latih,8,Mesin cuci front-load,besar,1,0.1506
3035,latih,6,Mesin cuci bukaan atas,besar,1,0.1265
3036,latih,6,Mesin cuci bukaan atas,besar,0,0.5189
3037,latih,8,Mesin cuci front-load,besar,1,0.1705
3038,latih,8,Mesin cuci front-load,besar,1,0.2264
3039,latih,6,Mesin cuci bukaan atas,besar,1,0.1566
3040,latih,8,Mesin cuci front-load,besar,1,0.2312
3041,latih,6,Mesin cuci bukaan atas,besar,1,0.189
3042,latih,6,Mesin cuci bukaan atas,besar,0,0.8571
3043,latih,8,Mesin cuci front-load,besar,1,0.1594
3044,latih,8,Mesin cuci front-load,besar,1,0.245
3045,latih,8,Mesin cuci front-load,besar,1,0.2036
3046,latih,8,Mesin cuci front-load,besar,1,0.4571
3047,latih,8,Mesin cuci front-load,besar,1,0.4785
3048,latih,8,Mesin cuci front-load,besar,1,0.1681
3049,latih,8,Mesin cuci front-load,besar,1,0.3952
3050,latih,6,Mesin cuci bukaan atas,besar,1,0.1871
3051,latih,6,Mesin cuci bukaan atas,besar,1,0.1537
3052,latih,6,Mesin cuci bukaan atas,besar,1,0.1524
3053,latih,8,Mesin cuci front-load,besar,1,0.1642
3054,latih,6,Mesin cuci bukaan atas,besar,1,0.1902
3055,latih,6,Mesin cuci bukaan atas,besar,1,0.1997
3056,latih,6,Mesin cuci bukaan atas,besar,1,0.1998
3057,latih,6,Mesin cuci bukaan atas,besar,1,0.2163
3058,latih,6,Mesin cuci bukaan atas,besar,1,0.1436
3059,latih,6,Mesin cuci bukaan atas,besar,1,0.4104
3060,latih,8,Mesin cuci front-load,besar,1,0.1782
3061,latih,8,Mesin cuci front-load,besar,1,0.1641
3062,latih,8,Mesin cuci front-load,besar,1,0.1262
3063,latih,8,Mesin cuci front-load,besar,1,0.2053
3064,latih,6,Mesin cuci bukaan atas,besar,1,0.4637
3065,latih,6,Mesin cuci bukaan atas,besar,1,0.2654
3066,latih,6,Mesin cuci bukaan atas,besar,1,0.1302
3067,latih,8,Mesin cuci front-load,besar,1,0.1841
3068,latih,8,Mesin cuci front-load,besar,1,0.2925
3069,latih,8,Mesin cuci front-load,besar,1,0.1617
3070,latih,8,Mesin cuci front-load,besar,1,0.1787
3071,latih,8,Mesin cuci front-load,besar,1,0.3148
3072,latih,6,Mesin cuci bukaan atas,besar,1,0.2244
3073,latih,8,Mesin cuci front-load,besar,1,0.4677
3074,latih,8,Mesin cuci front-load,besar,1,0.1701
3075,latih,8,Mesin cuci front-load,besar,1,0.3832
3076,latih,8,Mesin cuci front-load,besar,1,0.4557
3077,latih,8,Mesin cuci front-load,besar,1,0.1383
3078,latih,8,Mesin cuci front-load,besar,1,0.3413
3079,latih,6,Mesin cuci bukaan atas,besar,1,0.1334
3080,latih,0,Aki (baterai timbal-asam),baterai,1,0.7406
3081,latih,0,Aki (baterai timbal-asam),baterai,1,0.8697
3082,latih,0,Aki (baterai timbal-asam),baterai,1,0.8333
3083,latih,0,Aki (baterai timbal-asam),baterai,1,0.8134
3084,latih,0,Aki (baterai timbal-asam),baterai,1,0.8283
3085,latih,0,Aki (baterai timbal-asam),baterai,1,0.7964
3086,latih,0,Aki (baterai timbal-asam),baterai,1,0.7716
3087,latih,0,Aki (baterai timbal-asam),baterai,1,0.831
3088,latih,0,Aki (baterai timbal-asam),baterai,1,0.8422
3089,latih,0,Aki (baterai timbal-asam),baterai,1,0.8297
3090,latih,0,Aki (baterai timbal-asam),baterai,1,0.8304
3091,latih,0,Aki (baterai timbal-asam),baterai,1,0.8157
3092,latih,0,Aki (baterai timbal-asam),baterai,1,0.7677
3093,latih,0,Aki (baterai timbal-asam),baterai,1,0.8225
3094,latih,0,Aki (baterai timbal-asam),baterai,1,0.8242
3095,latih,0,Aki (baterai timbal-asam),baterai,1,0.8242
3096,latih,0,Aki (baterai timbal-asam),baterai,1,0.8289
3097,latih,0,Aki (baterai timbal-asam),baterai,1,0.7527
3098,latih,0,Aki (baterai timbal-asam),baterai,1,0.7926
3099,latih,0,Aki (baterai timbal-asam),baterai,1,0.7599
3100,latih,0,Aki (baterai timbal-asam),baterai,1,0.796
3101,latih,0,Aki (baterai timbal-asam),baterai,1,0.8074
3102,latih,0,Aki (baterai timbal-asam),baterai,1,0.79
3103,latih,0,Aki (baterai timbal-asam),baterai,1,0.8112
3104,latih,0,Aki (baterai timbal-asam),baterai,1,0.824
3105,latih,0,Aki (baterai timbal-asam),baterai,1,0.8124
3106,latih,0,Aki (baterai timbal-asam),baterai,1,0.8117
3107,latih,7,TV/monitor layar datar,layar,0,0.8099
3108,latih,12,Printer,ti,1,0.7002
3109,latih,9,Laptop,layar,1,0.617
3110,latih,12,Printer,ti,1,0.5647
3111,latih,9,Laptop,layar,1,0.8688
3112,latih,4,Baterai ponsel/kamera,baterai,1,0.5311
3113,latih,4,Baterai ponsel/kamera,baterai,1,0.5452
3114,latih,4,Baterai ponsel/kamera,baterai,0,0.6966
3115,latih,4,Baterai ponsel/kamera,baterai,1,0.5117
3116,latih,1,Baterai pack laptop,baterai,0,0.1515
3117,latih,1,Baterai pack laptop,baterai,0,0.2219
3118,latih,4,Baterai ponsel/kamera,baterai,0,0.4285
3119,latih,4,Baterai ponsel/kamera,baterai,0,0.6418
3120,latih,4,Baterai ponsel/kamera,baterai,1,0.522
3121,latih,0,Aki (baterai timbal-asam),baterai,1,0.6148
3122,latih,0,Aki (baterai timbal-asam),baterai,1,0.6304
3123,latih,0,Aki (baterai timbal-asam),baterai,1,0.5935
3124,latih,4,Baterai ponsel/kamera,baterai,1,0.4845
3125,latih,4,Baterai ponsel/kamera,baterai,1,0.5724
3126,latih,4,Baterai ponsel/kamera,baterai,0,0.4953
3127,latih,4,Baterai ponsel/kamera,baterai,1,0.4439
3128,latih,4,Baterai ponsel/kamera,baterai,1,0.4211
3129,latih,0,Aki (baterai timbal-asam),baterai,1,0.6603
3130,latih,1,Baterai pack laptop,baterai,0,0.4756
3131,latih,1,Baterai pack laptop,baterai,0,0.2361
3132,latih,0,Aki (baterai timbal-asam),baterai,1,0.6403
3133,latih,4,Baterai ponsel/kamera,baterai,0,0.6182
3134,latih,1,Baterai pack laptop,baterai,0,0.1485
3135,latih,4,Baterai ponsel/kamera,baterai,1,0.482
3136,latih,4,Baterai ponsel/kamera,baterai,0,0.7073
3137,latih,4,Baterai ponsel/kamera,baterai,1,0.5008
3138,latih,4,Baterai ponsel/kamera,baterai,1,0.5665
3139,latih,4,Baterai ponsel/kamera,baterai,0,0.7979
3140,latih,1,Baterai pack laptop,baterai,0,0.1482
3141,latih,1,Baterai pack laptop,baterai,0,0.5269
3142,latih,4,Baterai ponsel/kamera,baterai,0,0.7847
3143,latih,1,Baterai pack laptop,baterai,0,0.1364
3144,latih,4,Baterai ponsel/kamera,baterai,0,0.7795
3145,latih,4,Baterai ponsel/kamera,baterai,0,0.9217
3146,latih,1,Baterai pack laptop,baterai,0,0.2783
3147,latih,4,Baterai ponsel/kamera,baterai,1,0.5277
3148,latih,0,Aki (baterai timbal-asam),baterai,1,0.6544
3149,latih,4,Baterai ponsel/kamera,baterai,1,0.4548
3150,latih,4,Baterai ponsel/kamera,baterai,0,0.6792
3151,latih,0,Aki (baterai timbal-asam),baterai,1,0.6707
3152,latih,0,Aki (baterai timbal-asam),baterai,1,0.6575
3153,latih,4,Baterai ponsel/kamera,baterai,1,0.4607
3154,latih,1,Baterai pack laptop,baterai,0,0.4806
3155,latih,0,Aki (baterai timbal-asam),baterai,1,0.6334
3156,latih,1,Baterai pack laptop,baterai,0,0.1236
3157,latih,0,Aki (baterai timbal-asam),baterai,1,0.671
3158,latih,0,Aki (baterai timbal-asam),baterai,1,0.6368
3159,latih,4,Baterai ponsel/kamera,baterai,0,0.9308
3160,latih,1,Baterai pack laptop,baterai,0,0.3776
3161,latih,4,Baterai ponsel/kamera,baterai,1,0.499
3162,latih,4,Baterai ponsel/kamera,baterai,1,0.4387
3163,latih,4,Baterai ponsel/kamera,baterai,1,0.4867
3164,latih,1,Baterai pack laptop,baterai,0,0.2124
3165,latih,4,Baterai ponsel/kamera,baterai,0,0.6402
3166,latih,1,Baterai pack laptop,baterai,0,0.18
3167,latih,4,Baterai ponsel/kamera,baterai,1,0.4388
3168,latih,1,Baterai pack laptop,baterai,0,0.1511
3169,latih,1,Baterai pack laptop,baterai,0,0.1761
3170,latih,4,Baterai ponsel/kamera,baterai,1,0.6088
3171,latih,4,Baterai ponsel/kamera,baterai,0,0.6592
3172,latih,4,Baterai ponsel/kamera,baterai,1,0.4338
3173,latih,4,Baterai ponsel/kamera,baterai,0,0.6858
3174,latih,4,Baterai ponsel/kamera,baterai,0,0.6807
3175,latih,0,Aki (baterai timbal-asam),baterai,1,0.6503
3176,latih,4,Baterai ponsel/kamera,baterai,0,0.7713
3177,latih,4,Baterai ponsel/kamera,baterai,0,0.7013
3178,latih,1,Baterai pack laptop,baterai,0,0.1641
3179,latih,4,Baterai ponsel/kamera,baterai,0,0.6599
3180,latih,0,Aki (baterai timbal-asam),baterai,1,0.6231
3181,latih,4,Baterai ponsel/kamera,baterai,1,0.5879
3182,latih,4,Baterai ponsel/kamera,baterai,0,0.6827
3183,latih,0,Aki (baterai timbal-asam),baterai,1,0.6207
3184,latih,4,Baterai ponsel/kamera,baterai,0,0.6091
3185,latih,0,Aki (baterai timbal-asam),baterai,0,0.7277
3186,latih,0,Aki (baterai timbal-asam),baterai,1,0.6336
3187,latih,4,Baterai ponsel/kamera,baterai,0,0.8682
3188,latih,1,Baterai pack laptop,baterai,0,0.2057
3189,latih,0,Aki (baterai timbal-asam),baterai,1,0.5936
3190,latih,4,Baterai ponsel/kamera,baterai,0,0.6166
3191,latih,4,Baterai ponsel/kamera,baterai,0,0.6031
3192,latih,1,Baterai pack laptop,baterai,0,0.5023
3193,latih,0,Aki (baterai timbal-asam),baterai,1,0.6617
3194,latih,4,Baterai ponsel/kamera,baterai,0,0.6532
3195,latih,4,Baterai ponsel/kamera,baterai,0,0.6439
3196,latih,1,Baterai pack laptop,baterai,0,0.4105
3197,latih,4,Baterai ponsel/kamera,baterai,0,0.5803
3198,latih,1,Baterai pack laptop,baterai,0,0.4889
3199,latih,4,Baterai ponsel/kamera,baterai,0,0.6822
3200,latih,1,Baterai pack laptop,baterai,0,0.6272
3201,latih,4,Baterai ponsel/kamera,baterai,1,0.5052
3202,latih,1,Baterai pack laptop,baterai,0,0.3312
3203,latih,4,Baterai ponsel/kamera,baterai,0,0.6401
3204,latih,1,Baterai pack laptop,baterai,0,0.1226
3205,latih,4,Baterai ponsel/kamera,baterai,1,0.5298
3206,latih,4,Baterai ponsel/kamera,baterai,0,0.702
3207,latih,1,Baterai pack laptop,baterai,0,0.2245
3208,latih,4,Baterai ponsel/kamera,baterai,1,0.443
3209,latih,4,Baterai ponsel/kamera,baterai,1,0.522
3210,latih,1,Baterai pack laptop,baterai,0,0.1512
3211,latih,4,Baterai ponsel/kamera,baterai,0,0.6291
3212,latih,4,Baterai ponsel/kamera,baterai,0,0.8208
3213,latih,1,Baterai pack laptop,baterai,0,0.2273
3214,latih,0,Aki (baterai timbal-asam),baterai,1,0.6539
3215,latih,4,Baterai ponsel/kamera,baterai,0,0.6698
3216,latih,4,Baterai ponsel/kamera,baterai,0,0.5928
3217,latih,1,Baterai pack laptop,baterai,0,0.2224
3218,latih,1,Baterai pack laptop,baterai,0,0.4685
3219,latih,4,Baterai ponsel/kamera,baterai,1,0.5075
3220,latih,4,Baterai ponsel/kamera,baterai,1,0.4856
3221,latih,0,Aki (baterai timbal-asam),baterai,1,0.6368
3222,latih,0,Aki (baterai timbal-asam),baterai,1,0.7039
3223,latih,4,Baterai ponsel/kamera,baterai,0,0.8363
3224,latih,4,Baterai ponsel/kamera,baterai,1,0.2484
3225,latih,0,Aki (baterai timbal-asam),baterai,1,0.664
3226,latih,0,Aki (baterai timbal-asam),baterai,1,0.6323
3227,latih,4,Baterai ponsel/kamera,baterai,0,0.6164
3228,latih,4,Baterai ponsel/kamera,baterai,1,0.5007
3229,latih,4,Baterai ponsel/kamera,baterai,1,0.3608
3230,latih,1,Baterai pack laptop,baterai,0,0.2296
3231,latih,4,Baterai ponsel/kamera,baterai,0,0.6887
3232,latih,1,Baterai pack laptop,baterai,0,0.1931
3233,latih,0,Aki (baterai timbal-asam),baterai,1,0.6019
3234,latih,0,Aki (baterai timbal-asam),baterai,1,0.661
3235,latih,0,Aki (baterai timbal-asam),baterai,1,0.613
3236,latih,1,Baterai pack laptop,baterai,0,0.1261
3237,latih,4,Baterai ponsel/kamera,baterai,1,0.4092
3238,latih,4,Baterai ponsel/kamera,baterai,1,0.4467
3239,latih,0,Aki (baterai timbal-asam),baterai,1,0.6254
3240,latih,4,Baterai ponsel/kamera,baterai,0,0.6676
3241,latih,0,Aki (baterai timbal-asam),baterai,1,0.6355
3242,latih,4,Baterai ponsel/kamera,baterai,1,0.4683
3243,latih,1,Baterai pack laptop,baterai,0,0.1317
3244,latih,4,Baterai ponsel/kamera,baterai,0,0.6675
3245,latih,1,Baterai pack laptop,baterai,0,0.2158
3246,latih,4,Baterai ponsel/kamera,baterai,1,0.4739
3247,latih,0,Aki (baterai timbal-asam),baterai,1,0.649
3248,latih,4,Baterai ponsel/kamera,baterai,1,0.3899
3249,latih,1,Baterai pack laptop,baterai,0,0.2
3250,latih,1,Baterai pack laptop,baterai,0,0.1706
3251,latih,1,Baterai pack laptop,baterai,0,0.1453
3252,latih,4,Baterai ponsel/kamera,baterai,1,0.5273
3253,latih,1,Baterai pack laptop,baterai,0,0.1789
3254,latih,4,Baterai ponsel/kamera,baterai,1,0.4167
3255,latih,4,Baterai ponsel/kamera,baterai,1,0.4405
3256,latih,4,Baterai ponsel/kamera,baterai,0,0.7055
3257,latih,1,Baterai pack laptop,baterai,0,0.1715
3258,latih,4,Baterai ponsel/kamera,baterai,0,0.6191
3259,latih,4,Baterai ponsel/kamera,baterai,1,0.4374
3260,latih,4,Baterai ponsel/kamera,baterai,1,0.5039
3261,latih,1,Baterai pack laptop,baterai,0,0.1267
3262,latih,4,Baterai ponsel/kamera,baterai,0,0.605
3263,latih,0,Aki (baterai timbal-asam),baterai,1,0.6817
3264,latih,4,Baterai ponsel/kamera,baterai,1,0.5075
3265,latih,4,Baterai ponsel/kamera,baterai,0,0.6738
3266,latih,4,Baterai ponsel/kamera,baterai,0,0.6177
3267,latih,4,Baterai ponsel/kamera,baterai,1,0.3458
3268,latih,0,Aki (baterai timbal-asam),baterai,1,0.6687
3269,latih,1,Baterai pack laptop,baterai,0,0.2323
3270,latih,0,Aki (baterai timbal-asam),baterai,1,0.6375
3271,latih,4,Baterai ponsel/kamera,baterai,1,0.5198
3272,latih,1,Baterai pack laptop,baterai,0,0.2172
3273,latih,4,Baterai ponsel/kamera,baterai,1,0.5564
3274,latih,4,Baterai ponsel/kamera,baterai,0,0.6003
3275,latih,4,Baterai ponsel/kamera,baterai,1,0.4567
3276,latih,0,Aki (baterai timbal-asam),baterai,1,0.6504
3277,latih,4,Baterai ponsel/kamera,baterai,1,0.519
3278,latih,1,Baterai pack laptop,baterai,0,0.1631
3279,latih,1,Baterai pack laptop,baterai,0,0.2165
3280,latih,4,Baterai ponsel/kamera,baterai,0,0.6802
3281,latih,4,Baterai ponsel/kamera,baterai,0,0.6456
3282,latih,4,Baterai ponsel/kamera,baterai,1,0.5748
3283,latih,4,Baterai ponsel/kamera,baterai,1,0.3717
3284,latih,4,Baterai ponsel/kamera,baterai,1,0.4158
3285,latih,1,Baterai pack laptop,baterai,0,0.2052
3286,latih,4,Baterai ponsel/kamera,baterai,0,0.825
3287,latih,0,Aki (baterai timbal-asam),baterai,1,0.6157
3288,latih,4,Baterai ponsel/kamera,baterai,1,0.5936
3289,latih,1,Baterai pack laptop,baterai,0,0.1306
3290,latih,1,Baterai pack laptop,baterai,0,0.1902
3291,latih,0,Aki (baterai timbal-asam),baterai,1,0.7923
3292,latih,4,Baterai ponsel/kamera,baterai,0,0.83
3293,latih,4,Baterai ponsel/kamera,baterai,0,0.6681
3294,latih,4,Baterai ponsel/kamera,baterai,1,0.5849
3295,latih,1,Baterai pack laptop,baterai,0,0.3756
3296,latih,4,Baterai ponsel/kamera,baterai,1,0.5656
3297,latih,4,Baterai ponsel/kamera,baterai,1,0.4749
3298,latih,0,Aki (baterai timbal-asam),baterai,1,0.6443
3299,latih,1,Baterai pack laptop,baterai,0,0.3114
3300,latih,0,Aki (baterai timbal-asam),baterai,1,0.6376
3301,latih,1,Baterai pack laptop,baterai,0,0.4153
3302,latih,4,Baterai ponsel/kamera,baterai,1,0.5661
3303,latih,1,Baterai pack laptop,baterai,0,0.1403
3304,latih,4,Baterai ponsel/kamera,baterai,0,0.6731
3305,latih,1,Baterai pack laptop,baterai,0,0.1215
3306,latih,4,Baterai ponsel/kamera,baterai,1,0.4782
3307,latih,4,Baterai ponsel/kamera,baterai,0,0.6462
3308,latih,0,Aki (baterai timbal-asam),baterai,1,0.646
3309,latih,1,Baterai pack laptop,baterai,0,0.2854
3310,latih,1,Baterai pack laptop,baterai,0,0.2901
3311,latih,1,Baterai pack laptop,baterai,0,0.4232
3312,latih,4,Baterai ponsel/kamera,baterai,1,0.5418
3313,latih,1,Baterai pack laptop,baterai,0,0.1918
3314,latih,1,Baterai pack laptop,baterai,0,0.1758
3315,latih,4,Baterai ponsel/kamera,baterai,1,0.4609
3316,latih,4,Baterai ponsel/kamera,baterai,0,0.7572
3317,latih,4,Baterai ponsel/kamera,baterai,1,0.5444
3318,latih,4,Baterai ponsel/kamera,baterai,0,0.9559
3319,latih,4,Baterai ponsel/kamera,baterai,1,0.3897
3320,latih,4,Baterai ponsel/kamera,baterai,1,0.3884
3321,latih,1,Baterai pack laptop,baterai,0,0.3001
3322,latih,4,Baterai ponsel/kamera,baterai,0,0.7591
3323,latih,4,Baterai ponsel/kamera,baterai,1,0.5096
3324,latih,1,Baterai pack laptop,baterai,0,0.5437
3325,latih,1,Baterai pack laptop,baterai,0,0.1812
3326,latih,4,Baterai ponsel/kamera,baterai,1,0.4571
3327,latih,0,Aki (baterai timbal-asam),baterai,0,0.7225
3328,latih,14,Ponsel,ti,1,0.7627
3329,latih,9,Laptop,layar,1,0.583
3330,latih,9,Laptop,layar,1,0.8534
3331,latih,9,Laptop,layar,1,0.7295
3332,latih,0,Aki (baterai timbal-asam),baterai,1,0.863
3333,latih,7,TV/monitor layar datar,layar,0,0.7164
3334,latih,12,Printer,ti,1,0.6496
3335,latih,3,TV/monitor CRT,layar,1,0.5601
3336,latih,14,Ponsel,ti,1,0.7038
3337,latih,8,Mesin cuci front-load,besar,0,0.7227
3338,latih,9,Laptop,layar,1,0.6164
3339,latih,15,PCB dan tumpukan campuran,komponen,0,0.8881
3340,latih,15,PCB dan tumpukan campuran,komponen,0,0.5666
3341,latih,15,PCB dan tumpukan campuran,komponen,0,0.8954
3342,latih,15,PCB dan tumpukan campuran,komponen,0,0.7562
3343,latih,15,PCB dan tumpukan campuran,komponen,1,0.6774
3344,latih,15,PCB dan tumpukan campuran,komponen,1,0.7922
3345,latih,15,PCB dan tumpukan campuran,komponen,0,0.9104
3346,latih,15,PCB dan tumpukan campuran,komponen,0,0.8986
3347,latih,15,PCB dan tumpukan campuran,komponen,0,0.81
3348,latih,9,Laptop,layar,1,0.6999
3349,latih,15,PCB dan tumpukan campuran,komponen,0,0.9134
3350,latih,15,PCB dan tumpukan campuran,komponen,0,0.8925
3351,latih,0,Aki (baterai timbal-asam),baterai,1,0.9835
3352,latih,0,Aki (baterai timbal-asam),baterai,1,0.9534
3353,latih,14,Ponsel,ti,1,0.7416
3354,latih,15,PCB dan tumpukan campuran,komponen,0,1.1087
3355,latih,15,PCB dan tumpukan campuran,komponen,0,0.7804
3356,latih,15,PCB dan tumpukan campuran,komponen,0,0.8719
3357,latih,15,PCB dan tumpukan campuran,komponen,0,0.6523
3358,latih,15,PCB dan tumpukan campuran,komponen,0,1.0094
3359,latih,14,Ponsel,ti,1,0.5996
3360,latih,12,Printer,ti,1,0.5731
3361,latih,0,Aki (baterai timbal-asam),baterai,1,1.0482
3362,latih,15,PCB dan tumpukan campuran,komponen,0,0.8801
3363,latih,15,PCB dan tumpukan campuran,komponen,0,0.9496
3364,latih,9,Laptop,layar,1,0.6479
3365,latih,7,TV/monitor layar datar,layar,0,0.8523
3366,latih,15,PCB dan tumpukan campuran,komponen,1,0.5516
3367,latih,15,PCB dan tumpukan campuran,komponen,1,0.6845
3368,latih,15,PCB dan tumpukan campuran,komponen,1,0.7315
3369,latih,15,PCB dan tumpukan campuran,komponen,1,0.7589
3370,latih,15,PCB dan tumpukan campuran,komponen,1,0.6641
3371,latih,15,PCB dan tumpukan campuran,komponen,1,0.7502
3372,latih,15,PCB dan tumpukan campuran,komponen,1,0.6626
3373,latih,15,PCB dan tumpukan campuran,komponen,1,0.717
3374,latih,15,PCB dan tumpukan campuran,komponen,1,0.7487
3375,latih,15,PCB dan tumpukan campuran,komponen,0,0.4996
3376,latih,15,PCB dan tumpukan campuran,komponen,1,0.7775
3377,latih,15,PCB dan tumpukan campuran,komponen,1,0.7272
3378,latih,15,PCB dan tumpukan campuran,komponen,1,0.6622
3379,latih,15,PCB dan tumpukan campuran,komponen,1,0.7001
3380,latih,15,PCB dan tumpukan campuran,komponen,1,0.8282
3381,latih,15,PCB dan tumpukan campuran,komponen,1,0.7282
3382,latih,0,Aki (baterai timbal-asam),baterai,1,0.716
3383,latih,15,PCB dan tumpukan campuran,komponen,1,0.834
3384,latih,15,PCB dan tumpukan campuran,komponen,1,0.7358
3385,latih,15,PCB dan tumpukan campuran,komponen,1,0.7209
3386,latih,15,PCB dan tumpukan campuran,komponen,1,0.6605
3387,latih,15,PCB dan tumpukan campuran,komponen,1,0.7993
3388,latih,15,PCB dan tumpukan campuran,komponen,1,0.8126
3389,latih,15,PCB dan tumpukan campuran,komponen,1,0.7201
3390,latih,15,PCB dan tumpukan campuran,komponen,1,0.8004
3391,latih,15,PCB dan tumpukan campuran,komponen,1,0.6294
3392,latih,15,PCB dan tumpukan campuran,komponen,1,0.6865
3393,latih,15,PCB dan tumpukan campuran,komponen,1,0.6982
3394,latih,15,PCB dan tumpukan campuran,komponen,1,0.7614
3395,latih,15,PCB dan tumpukan campuran,komponen,1,0.693
3396,latih,15,PCB dan tumpukan campuran,komponen,1,0.6591
3397,latih,15,PCB dan tumpukan campuran,komponen,1,0.8263
3398,latih,15,PCB dan tumpukan campuran,komponen,1,0.72
3399,latih,15,PCB dan tumpukan campuran,komponen,1,0.7211
3400,latih,15,PCB dan tumpukan campuran,komponen,1,0.6755
3401,latih,15,PCB dan tumpukan campuran,komponen,1,0.8506
3402,latih,15,PCB dan tumpukan campuran,komponen,1,0.6452
3403,latih,15,PCB dan tumpukan campuran,komponen,1,0.7768
3404,latih,15,PCB dan tumpukan campuran,komponen,1,0.7578
3405,latih,15,PCB dan tumpukan campuran,komponen,1,0.7334
3406,latih,15,PCB dan tumpukan campuran,komponen,1,0.7462
3407,latih,15,PCB dan tumpukan campuran,komponen,1,0.7054
3408,latih,15,PCB dan tumpukan campuran,komponen,0,0.8563
3409,latih,15,PCB dan tumpukan campuran,komponen,1,0.7006
3410,latih,15,PCB dan tumpukan campuran,komponen,1,0.7126
3411,latih,15,PCB dan tumpukan campuran,komponen,1,0.661
3412,latih,15,PCB dan tumpukan campuran,komponen,1,0.7652
3413,latih,15,PCB dan tumpukan campuran,komponen,1,0.7123
3414,latih,15,PCB dan tumpukan campuran,komponen,1,0.7838
3415,latih,15,PCB dan tumpukan campuran,komponen,1,0.7491
3416,latih,15,PCB dan tumpukan campuran,komponen,1,0.6235
3417,latih,15,PCB dan tumpukan campuran,komponen,1,0.7649
3418,latih,0,Aki (baterai timbal-asam),baterai,1,0.7314
3419,latih,15,PCB dan tumpukan campuran,komponen,1,0.6421
3420,latih,15,PCB dan tumpukan campuran,komponen,1,0.6173
3421,latih,15,PCB dan tumpukan campuran,komponen,1,0.7865
3422,latih,15,PCB dan tumpukan campuran,komponen,1,0.7044
3423,latih,15,PCB dan tumpukan campuran,komponen,1,0.7185
3424,latih,15,PCB dan tumpukan campuran,komponen,1,0.7439
3425,latih,15,PCB dan tumpukan campuran,komponen,1,0.7778
3426,latih,15,PCB dan tumpukan campuran,komponen,1,0.7488
3427,latih,15,PCB dan tumpukan campuran,komponen,1,0.694
3428,latih,15,PCB dan tumpukan campuran,komponen,1,0.6237
3429,latih,15,PCB dan tumpukan campuran,komponen,1,0.9564
3430,latih,15,PCB dan tumpukan campuran,komponen,1,0.7148
3431,latih,15,PCB dan tumpukan campuran,komponen,1,0.7365
3432,latih,15,PCB dan tumpukan campuran,komponen,1,0.7232
3433,latih,15,PCB dan tumpukan campuran,komponen,1,0.713
3434,latih,15,PCB dan tumpukan campuran,komponen,1,0.6896
3435,latih,15,PCB dan tumpukan campuran,komponen,1,0.7361
3436,latih,15,PCB dan tumpukan campuran,komponen,1,0.8242
3437,latih,15,PCB dan tumpukan campuran,komponen,1,0.642
3438,latih,15,PCB dan tumpukan campuran,komponen,1,0.6322
3439,latih,15,PCB dan tumpukan campuran,komponen,1,0.71
3440,latih,15,PCB dan tumpukan campuran,komponen,1,0.5762
3441,latih,15,PCB dan tumpukan campuran,komponen,1,0.7978
3442,latih,15,PCB dan tumpukan campuran,komponen,1,0.7086
3443,latih,15,PCB dan tumpukan campuran,komponen,1,0.8129
3444,latih,15,PCB dan tumpukan campuran,komponen,1,0.858
3445,latih,15,PCB dan tumpukan campuran,komponen,1,0.6849
3446,latih,15,PCB dan tumpukan campuran,komponen,1,0.829
3447,latih,15,PCB dan tumpukan campuran,komponen,1,0.8325
3448,latih,15,PCB dan tumpukan campuran,komponen,1,0.7001
3449,latih,15,PCB dan tumpukan campuran,komponen,1,0.7583
3450,latih,15,PCB dan tumpukan campuran,komponen,1,0.7648
3451,latih,15,PCB dan tumpukan campuran,komponen,1,0.6747
3452,latih,15,PCB dan tumpukan campuran,komponen,1,0.6425
3453,latih,15,PCB dan tumpukan campuran,komponen,1,0.6192
3454,latih,15,PCB dan tumpukan campuran,komponen,1,0.7793
3455,latih,15,PCB dan tumpukan campuran,komponen,1,0.7617
3456,latih,15,PCB dan tumpukan campuran,komponen,1,0.6937
3457,latih,15,PCB dan tumpukan campuran,komponen,1,0.7816
3458,latih,15,PCB dan tumpukan campuran,komponen,1,0.6401
3459,latih,15,PCB dan tumpukan campuran,komponen,1,0.7498
3460,latih,15,PCB dan tumpukan campuran,komponen,1,0.6001
3461,latih,15,PCB dan tumpukan campuran,komponen,1,0.7042
3462,latih,15,PCB dan tumpukan campuran,komponen,1,0.7588
3463,latih,15,PCB dan tumpukan campuran,komponen,1,0.6811
3464,latih,15,PCB dan tumpukan campuran,komponen,1,0.6913
3465,latih,15,PCB dan tumpukan campuran,komponen,1,0.7117
3466,latih,15,PCB dan tumpukan campuran,komponen,1,0.6353
3467,latih,15,PCB dan tumpukan campuran,komponen,1,0.6055
3468,latih,15,PCB dan tumpukan campuran,komponen,1,0.6697
3469,latih,15,PCB dan tumpukan campuran,komponen,1,0.6527
3470,latih,15,PCB dan tumpukan campuran,komponen,1,0.7244
3471,latih,15,PCB dan tumpukan campuran,komponen,1,0.7991
3472,latih,15,PCB dan tumpukan campuran,komponen,1,0.6747
3473,latih,15,PCB dan tumpukan campuran,komponen,1,0.8578
3474,latih,15,PCB dan tumpukan campuran,komponen,1,0.682
3475,latih,15,PCB dan tumpukan campuran,komponen,1,0.5845
3476,latih,15,PCB dan tumpukan campuran,komponen,1,0.6406
3477,latih,15,PCB dan tumpukan campuran,komponen,1,0.6476
3478,latih,15,PCB dan tumpukan campuran,komponen,1,0.6982
3479,latih,15,PCB dan tumpukan campuran,komponen,1,0.7214
3480,latih,15,PCB dan tumpukan campuran,komponen,1,0.7087
3481,latih,15,PCB dan tumpukan campuran,komponen,1,0.7468
3482,latih,15,PCB dan tumpukan campuran,komponen,1,0.6508
3483,latih,15,PCB dan tumpukan campuran,komponen,1,0.7066
3484,latih,15,PCB dan tumpukan campuran,komponen,1,0.7127
3485,latih,15,PCB dan tumpukan campuran,komponen,1,0.7173
3486,latih,15,PCB dan tumpukan campuran,komponen,1,0.7404
3487,latih,15,PCB dan tumpukan campuran,komponen,1,0.7912
3488,latih,15,PCB dan tumpukan campuran,komponen,1,0.7148
3489,latih,15,PCB dan tumpukan campuran,komponen,1,0.7117
3490,latih,15,PCB dan tumpukan campuran,komponen,1,0.6474
3491,latih,15,PCB dan tumpukan campuran,komponen,1,0.6514
3492,latih,15,PCB dan tumpukan campuran,komponen,1,0.6255
3493,latih,15,PCB dan tumpukan campuran,komponen,1,0.6931
3494,latih,15,PCB dan tumpukan campuran,komponen,1,0.699
3495,latih,15,PCB dan tumpukan campuran,komponen,1,0.6878
3496,latih,15,PCB dan tumpukan campuran,komponen,1,0.6786
3497,latih,15,PCB dan tumpukan campuran,komponen,1,0.7007
3498,latih,15,PCB dan tumpukan campuran,komponen,1,0.7522
3499,latih,15,PCB dan tumpukan campuran,komponen,1,0.6975
3500,latih,0,Aki (baterai timbal-asam),baterai,1,0.614
3501,latih,15,PCB dan tumpukan campuran,komponen,1,0.684
3502,latih,15,PCB dan tumpukan campuran,komponen,1,0.7028
3503,latih,15,PCB dan tumpukan campuran,komponen,1,0.6647
3504,latih,15,PCB dan tumpukan campuran,komponen,1,0.6418
3505,latih,15,PCB dan tumpukan campuran,komponen,1,0.7314
3506,latih,15,PCB dan tumpukan campuran,komponen,1,0.7777
3507,latih,15,PCB dan tumpukan campuran,komponen,1,0.6213
3508,latih,15,PCB dan tumpukan campuran,komponen,1,0.6482
3509,latih,15,PCB dan tumpukan campuran,komponen,1,0.7138
3510,latih,15,PCB dan tumpukan campuran,komponen,1,0.7392
3511,latih,15,PCB dan tumpukan campuran,komponen,1,0.6515
3512,latih,15,PCB dan tumpukan campuran,komponen,1,0.6359
3513,latih,15,PCB dan tumpukan campuran,komponen,1,0.707
3514,latih,15,PCB dan tumpukan campuran,komponen,1,0.7487
3515,latih,15,PCB dan tumpukan campuran,komponen,0,0.7211
3516,latih,15,PCB dan tumpukan campuran,komponen,1,0.6434
3517,latih,15,PCB dan tumpukan campuran,komponen,1,0.7166
3518,latih,15,PCB dan tumpukan campuran,komponen,1,0.7658
3519,latih,15,PCB dan tumpukan campuran,komponen,1,0.6495
3520,latih,15,PCB dan tumpukan campuran,komponen,1,0.7145
3521,latih,15,PCB dan tumpukan campuran,komponen,1,0.6247
3522,latih,15,PCB dan tumpukan campuran,komponen,1,0.7282
3523,latih,15,PCB dan tumpukan campuran,komponen,1,0.7142
3524,latih,15,PCB dan tumpukan campuran,komponen,1,0.7552
3525,latih,15,PCB dan tumpukan campuran,komponen,1,0.7212
3526,latih,15,PCB dan tumpukan campuran,komponen,1,0.716
3527,latih,15,PCB dan tumpukan campuran,komponen,1,0.7271
3528,latih,15,PCB dan tumpukan campuran,komponen,1,0.6966
3529,latih,15,PCB dan tumpukan campuran,komponen,1,0.7366
3530,latih,15,PCB dan tumpukan campuran,komponen,1,0.6495
3531,latih,15,PCB dan tumpukan campuran,komponen,1,0.8398
3532,latih,15,PCB dan tumpukan campuran,komponen,1,0.6934
3533,latih,15,PCB dan tumpukan campuran,komponen,1,0.7344
3534,latih,15,PCB dan tumpukan campuran,komponen,1,0.7898
3535,latih,15,PCB dan tumpukan campuran,komponen,1,0.723
3536,latih,15,PCB dan tumpukan campuran,komponen,1,0.6846
3537,latih,15,PCB dan tumpukan campuran,komponen,1,0.7714
3538,latih,15,PCB dan tumpukan campuran,komponen,1,0.72
3539,latih,15,PCB dan tumpukan campuran,komponen,1,0.7983
3540,latih,15,PCB dan tumpukan campuran,komponen,1,0.826
3541,latih,15,PCB dan tumpukan campuran,komponen,1,0.7974
3542,latih,15,PCB dan tumpukan campuran,komponen,1,0.7044
3543,latih,15,PCB dan tumpukan campuran,komponen,1,0.6319
3544,latih,15,PCB dan tumpukan campuran,komponen,1,0.7679
3545,latih,15,PCB dan tumpukan campuran,komponen,1,0.766
3546,latih,15,PCB dan tumpukan campuran,komponen,1,0.7627
3547,latih,15,PCB dan tumpukan campuran,komponen,1,0.8233
3548,latih,15,PCB dan tumpukan campuran,komponen,1,0.8014
3549,latih,15,PCB dan tumpukan campuran,komponen,1,0.6834
3550,latih,15,PCB dan tumpukan campuran,komponen,1,0.8337
3551,latih,15,PCB dan tumpukan campuran,komponen,1,0.6995
3552,latih,15,PCB dan tumpukan campuran,komponen,1,0.6652
3553,latih,15,PCB dan tumpukan campuran,komponen,1,0.7381
3554,latih,15,PCB dan tumpukan campuran,komponen,1,0.7115
3555,latih,15,PCB dan tumpukan campuran,komponen,1,0.6679
3556,latih,15,PCB dan tumpukan campuran,komponen,1,0.7965
3557,latih,15,PCB dan tumpukan campuran,komponen,1,0.7539
3558,latih,15,PCB dan tumpukan campuran,komponen,1,0.7563
3559,latih,15,PCB dan tumpukan campuran,komponen,1,0.7498
3560,latih,15,PCB dan tumpukan campuran,komponen,1,0.709
3561,latih,15,PCB dan tumpukan campuran,komponen,1,0.747
3562,latih,15,PCB dan tumpukan campuran,komponen,1,0.715
3563,latih,15,PCB dan tumpukan campuran,komponen,1,0.7813
3564,latih,15,PCB dan tumpukan campuran,komponen,1,0.6978
3565,latih,15,PCB dan tumpukan campuran,komponen,1,0.6691
3566,latih,15,PCB dan tumpukan campuran,komponen,1,0.663
3567,latih,15,PCB dan tumpukan campuran,komponen,0,0.87
3568,latih,15,PCB dan tumpukan campuran,komponen,1,0.7755
3569,latih,15,PCB dan tumpukan campuran,komponen,1,0.7718
3570,latih,15,PCB dan tumpukan campuran,komponen,1,0.668
3571,latih,15,PCB dan tumpukan campuran,komponen,1,0.7289
3572,latih,15,PCB dan tumpukan campuran,komponen,1,0.7124
3573,latih,15,PCB dan tumpukan campuran,komponen,1,0.801
3574,latih,15,PCB dan tumpukan campuran,komponen,1,0.7473
3575,latih,15,PCB dan tumpukan campuran,komponen,1,0.6616
3576,latih,15,PCB dan tumpukan campuran,komponen,1,0.6862
3577,latih,15,PCB dan tumpukan campuran,komponen,1,0.6768
3578,latih,15,PCB dan tumpukan campuran,komponen,1,0.8314
3579,latih,15,PCB dan tumpukan campuran,komponen,1,0.7688
3580,latih,15,PCB dan tumpukan campuran,komponen,1,0.6955
3581,latih,15,PCB dan tumpukan campuran,komponen,1,0.8042
3582,latih,15,PCB dan tumpukan campuran,komponen,1,0.8165
3583,latih,15,PCB dan tumpukan campuran,komponen,1,0.6811
3584,latih,15,PCB dan tumpukan campuran,komponen,1,0.8465
3585,latih,15,PCB dan tumpukan campuran,komponen,1,0.7472
3586,latih,15,PCB dan tumpukan campuran,komponen,1,0.6403
3587,latih,15,PCB dan tumpukan campuran,komponen,0,1.0239
3588,latih,15,PCB dan tumpukan campuran,komponen,0,0.885
3589,latih,8,Mesin cuci front-load,besar,1,0.8381
3590,latih,6,Mesin cuci bukaan atas,besar,0,0.8393
3591,latih,7,TV/monitor layar datar,layar,0,0.8652
3592,latih,9,Laptop,layar,0,0.9024
3593,latih,15,PCB dan tumpukan campuran,komponen,0,0.9997
3594,latih,0,Aki (baterai timbal-asam),baterai,0,0.8297
3595,latih,15,PCB dan tumpukan campuran,komponen,1,0.712
3596,latih,15,PCB dan tumpukan campuran,komponen,1,0.7175
3597,latih,15,PCB dan tumpukan campuran,komponen,1,0.6453
3598,latih,15,PCB dan tumpukan campuran,komponen,1,0.7185
3599,latih,9,Laptop,layar,1,0.7706
3600,latih,0,Aki (baterai timbal-asam),baterai,1,0.709
3601,latih,15,PCB dan tumpukan campuran,komponen,1,0.7439
3602,latih,0,Aki (baterai timbal-asam),baterai,1,0.5962
3603,latih,15,PCB dan tumpukan campuran,komponen,0,0.9007
3604,uji,15,PCB dan tumpukan campuran,komponen,1,0.7589
3605,uji,9,Laptop,layar,1,0.5848
3606,uji,15,PCB dan tumpukan campuran,komponen,1,0.7043
3607,uji,0,Aki (baterai timbal-asam),baterai,1,0.9103
3608,uji,15,PCB dan tumpukan campuran,komponen,1,0.6964
3609,uji,15,PCB dan tumpukan campuran,komponen,0,0.9114
3610,uji,15,PCB dan tumpukan campuran,komponen,1,0.8065
3611,uji,9,Laptop,layar,1,0.6387
3612,uji,11,Microwave,kecil,1,0.522
3613,uji,14,Ponsel,ti,1,0.5426
3614,uji,0,Aki (baterai timbal-asam),baterai,1,0.6632
3615,uji,15,PCB dan tumpukan campuran,komponen,1,0.7351
3616,uji,10,Keyboard,ti,1,0.3309
3617,uji,12,Printer,ti,1,0.5068
3618,uji,2,Turntable,kecil,0,0.2416
3619,uji,4,Baterai ponsel/kamera,baterai,1,0.4477
3620,uji,11,Microwave,kecil,1,0.5427
3621,uji,4,Baterai ponsel/kamera,baterai,0,0.5547
3622,uji,7,TV/monitor layar datar,layar,0,0.8172
3623,uji,1,Baterai pack laptop,baterai,0,0.3041
3624,uji,11,Microwave,kecil,1,0.3486
3625,uji,10,Keyboard,ti,0,1.0105
3626,uji,9,Laptop,layar,1,0.3933
3627,uji,15,PCB dan tumpukan campuran,komponen,1,0.6418
3628,uji,15,PCB dan tumpukan campuran,komponen,1,0.6795
3629,uji,10,Keyboard,ti,1,0.5292
3630,uji,15,PCB dan tumpukan campuran,komponen,1,0.7028
3631,uji,4,Baterai ponsel/kamera,baterai,1,0.4074
3632,uji,15,PCB dan tumpukan campuran,komponen,1,0.6725
3633,uji,4,Baterai ponsel/kamera,baterai,0,0.6438
3634,uji,10,Keyboard,ti,1,0.4044
3635,uji,14,Ponsel,ti,1,0.543
3636,uji,12,Printer,ti,1,0.6063
3637,uji,0,Aki (baterai timbal-asam),baterai,1,0.6499
3638,uji,15,PCB dan tumpukan campuran,komponen,1,0.749
3639,uji,12,Printer,ti,1,0.5072
3640,uji,11,Microwave,kecil,1,0.3778
3641,uji,0,Aki (baterai timbal-asam),baterai,1,0.6908
3642,uji,1,Baterai pack laptop,baterai,0,0.1745
3643,uji,10,Keyboard,ti,1,0.5835
3644,uji,11,Microwave,kecil,1,0.2568
3645,uji,12,Printer,ti,1,0.4522
3646,uji,13,Mouse,ti,1,0.4399
3647,uji,5,Pemutar CD/radio,kecil,1,0.666
3648,uji,15,PCB dan tumpukan campuran,komponen,1,0.7444
3649,uji,9,Laptop,layar,0,0.8576
3650,uji,0,Aki (baterai timbal-asam),baterai,1,0.644
3651,uji,12,Printer,ti,1,0.6892
3652,uji,10,Keyboard,ti,0,0.768
3653,uji,15,PCB dan tumpukan campuran,komponen,0,0.9895
3654,uji,15,PCB dan tumpukan campuran,komponen,1,0.8471
3655,uji,15,PCB dan tumpukan campuran,komponen,1,0.6867
3656,uji,13,Mouse,ti,1,0.367
3657,uji,0,Aki (baterai timbal-asam),baterai,1,0.8632
3658,uji,10,Keyboard,ti,1,0.6924
3659,uji,11,Microwave,kecil,1,0.7653
3660,uji,13,Mouse,ti,1,0.368
3661,uji,10,Keyboard,ti,1,0.8243
3662,uji,11,Microwave,kecil,1,0.4353
3663,uji,15,PCB dan tumpukan campuran,komponen,0,0.8153
3664,uji,10,Keyboard,ti,1,0.4149
3665,uji,14,Ponsel,ti,1,0.3146
3666,uji,13,Mouse,ti,1,0.3768
3667,uji,10,Keyboard,ti,1,0.5148
3668,uji,13,Mouse,ti,1,0.3214
3669,uji,9,Laptop,layar,1,0.4964
3670,uji,13,Mouse,ti,1,0.3632
3671,uji,4,Baterai ponsel/kamera,baterai,0,0.6744
3672,uji,10,Keyboard,ti,1,0.4187
3673,uji,11,Microwave,kecil,1,0.7009
3674,uji,15,PCB dan tumpukan campuran,komponen,1,0.846
3675,uji,9,Laptop,layar,1,0.9474
3676,uji,11,Microwave,kecil,1,0.4619
3677,uji,13,Mouse,ti,1,0.4957
3678,uji,13,Mouse,ti,1,0.5124
3679,uji,0,Aki (baterai timbal-asam),baterai,1,0.5083
3680,uji,9,Laptop,layar,1,0.5272
3681,uji,5,Pemutar CD/radio,kecil,1,0.4187
3682,uji,0,Aki (baterai timbal-asam),baterai,1,0.6244
3683,uji,15,PCB dan tumpukan campuran,komponen,1,0.7317
3684,uji,0,Aki (baterai timbal-asam),baterai,1,0.6668
3685,uji,15,PCB dan tumpukan campuran,komponen,1,0.6768
3686,uji,11,Microwave,kecil,1,0.26
3687,uji,9,Laptop,layar,1,0.8454
3688,uji,15,PCB dan tumpukan campuran,komponen,1,0.6629
3689,uji,12,Printer,ti,1,0.6421
3690,uji,4,Baterai ponsel/kamera,baterai,1,0.5048
3691,uji,4,Baterai ponsel/kamera,baterai,1,0.3287
3692,uji,11,Microwave,kecil,1,0.3027
3693,uji,10,Keyboard,ti,1,0.384
3694,uji,14,Ponsel,ti,1,0.37
3695,uji,5,Pemutar CD/radio,kecil,1,0.5751
3696,uji,15,PCB dan tumpukan campuran,komponen,1,0.71
3697,uji,9,Laptop,layar,1,0.3964
3698,uji,5,Pemutar CD/radio,kecil,1,0.7282
3699,uji,9,Laptop,layar,1,0.3751
3700,uji,15,PCB dan tumpukan campuran,komponen,1,0.7262
3701,uji,4,Baterai ponsel/kamera,baterai,1,0.4929
3702,uji,15,PCB dan tumpukan campuran,komponen,1,0.6659
3703,uji,12,Printer,ti,1,0.7197
3704,uji,11,Microwave,kecil,1,0.6474
3705,uji,15,PCB dan tumpukan campuran,komponen,1,0.6191
3706,uji,15,PCB dan tumpukan campuran,komponen,1,0.7075
3707,uji,1,Baterai pack laptop,baterai,0,0.2509
3708,uji,10,Keyboard,ti,1,0.4582
3709,uji,14,Ponsel,ti,1,0.2949
3710,uji,0,Aki (baterai timbal-asam),baterai,1,0.6265
3711,uji,15,PCB dan tumpukan campuran,komponen,1,0.6695
3712,uji,14,Ponsel,ti,1,0.3648
3713,uji,10,Keyboard,ti,1,0.3668
3714,uji,1,Baterai pack laptop,baterai,0,0.2367
3715,uji,4,Baterai ponsel/kamera,baterai,0,0.5774
3716,uji,2,Turntable,kecil,0,0.413
3717,uji,11,Microwave,kecil,1,0.2777
3718,uji,11,Microwave,kecil,1,0.3106
3719,uji,11,Microwave,kecil,1,0.288
3720,uji,5,Pemutar CD/radio,kecil,1,0.5385
3721,uji,4,Baterai ponsel/kamera,baterai,1,0.5118
3722,uji,15,PCB dan tumpukan campuran,komponen,1,0.6262
3723,uji,13,Mouse,ti,1,0.5445
3724,uji,15,PCB dan tumpukan campuran,komponen,1,0.6211
3725,uji,0,Aki (baterai timbal-asam),baterai,1,0.6211
3726,uji,15,PCB dan tumpukan campuran,komponen,1,0.6493
3727,uji,11,Microwave,kecil,1,0.418
3728,uji,12,Printer,ti,1,0.7118
3729,uji,11,Microwave,kecil,1,0.3366
3730,uji,2,Turntable,kecil,0,0.4158
3731,uji,11,Microwave,kecil,1,0.2862
3732,uji,9,Laptop,layar,1,0.4931
3733,uji,5,Pemutar CD/radio,kecil,1,1.0011
3734,uji,1,Baterai pack laptop,baterai,0,0.3098
3735,uji,10,Keyboard,ti,1,0.3907
3736,uji,1,Baterai pack laptop,baterai,0,0.1019
3737,uji,13,Mouse,ti,1,0.3024
3738,uji,12,Printer,ti,1,0.4583
3739,uji,5,Pemutar CD/radio,kecil,1,0.7421
3740,uji,15,PCB dan tumpukan campuran,komponen,1,0.776
3741,uji,5,Pemutar CD/radio,kecil,1,0.5046
3742,uji,4,Baterai ponsel/kamera,baterai,0,0.6422
3743,uji,5,Pemutar CD/radio,kecil,1,0.6291
3744,uji,4,Baterai ponsel/kamera,baterai,1,0.4333
3745,uji,9,Laptop,layar,1,0.4445
3746,uji,1,Baterai pack laptop,baterai,0,0.2593
3747,uji,5,Pemutar CD/radio,kecil,1,0.8595
3748,uji,11,Microwave,kecil,1,0.3026
3749,uji,15,PCB dan tumpukan campuran,komponen,1,0.7921
3750,uji,11,Microwave,kecil,1,0.4265
3751,uji,1,Baterai pack laptop,baterai,0,0.1216
3752,uji,0,Aki (baterai timbal-asam),baterai,1,0.6255
3753,uji,4,Baterai ponsel/kamera,baterai,1,0.4661
3754,uji,0,Aki (baterai timbal-asam),baterai,1,1.0062
3755,uji,11,Microwave,kecil,1,0.5338
3756,uji,12,Printer,ti,1,0.4988
3757,uji,10,Keyboard,ti,1,0.3954
3758,uji,10,Keyboard,ti,1,0.4086
3759,uji,4,Baterai ponsel/kamera,baterai,1,0.6315
3760,uji,15,PCB dan tumpukan campuran,komponen,1,0.6599
3761,uji,15,PCB dan tumpukan campuran,komponen,1,0.7039
3762,uji,1,Baterai pack laptop,baterai,0,0.8927
3763,uji,10,Keyboard,ti,1,0.4695
3764,uji,9,Laptop,layar,1,0.4055
3765,uji,5,Pemutar CD/radio,kecil,1,0.8142
3766,uji,0,Aki (baterai timbal-asam),baterai,1,0.6683
3767,uji,0,Aki (baterai timbal-asam),baterai,1,0.9366
3768,uji,15,PCB dan tumpukan campuran,komponen,1,0.679
3769,uji,4,Baterai ponsel/kamera,baterai,0,0.6094
3770,uji,4,Baterai ponsel/kamera,baterai,1,0.519
3771,uji,5,Pemutar CD/radio,kecil,1,0.6672
3772,uji,9,Laptop,layar,1,0.4581
3773,uji,14,Ponsel,ti,1,0.4753
3774,uji,12,Printer,ti,1,0.5347
3775,uji,5,Pemutar CD/radio,kecil,1,0.8638
3776,uji,10,Keyboard,ti,1,0.4024
3777,uji,13,Mouse,ti,1,0.3478
3778,uji,15,PCB dan tumpukan campuran,komponen,1,0.7041
3779,uji,15,PCB dan tumpukan campuran,komponen,1,0.693
3780,uji,15,PCB dan tumpukan campuran,komponen,0,1.0676
3781,uji,9,Laptop,layar,1,0.4389
3782,uji,10,Keyboard,ti,1,0.4243
3783,uji,9,Laptop,layar,1,0.4396
3784,uji,11,Microwave,kecil,1,0.5929
3785,uji,14,Ponsel,ti,1,0.3298
3786,uji,11,Microwave,kecil,1,0.3084
3787,uji,15,PCB dan tumpukan campuran,komponen,1,0.6949
3788,uji,13,Mouse,ti,1,0.2334
3789,uji,0,Aki (baterai timbal-asam),baterai,1,0.6284
3790,uji,12,Printer,ti,1,0.6451
3791,uji,2,Turntable,kecil,0,0.2414
